型式,クローズ,多軸,MINA,MINB,MAXA,MAXB,歯数,,,,,傾きH,傾きW,,
RTH-538,,,-0.6,24,-1.5,75,,,,,,3,5,,RTH-538
RB-250,,,-0.6,23,-2,85,,,,,,3,5,,RB-250
RB-250,Ri,,-0.6,23,-2,85,,,,,,3,5,,RB-250Ri
RB-300,,,-0.6,23,-2,85,,,,,,3,5,,RB-300
RB-300,Ri,,-0.6,23,-2,85,,,,,,3,5,,RB-300Ri
RB-400,Ri,,-0.6,23,-2,85,,,,,,3,5,,RB-400Ri
RB-400,,,-0.6,23,-1.75,75,,,,,,3,5,,RB-400
RB-500,,,-0.6,23,-1.75,75,,,,,,3,5,,RB-500
RBA-250,,,-0.6,23,-2,85,,,,,,3,5,,RBA-250
RBA-320,,,-0.6,23,-2,85,,,,,,3,5,,RBA-320
RBA-400,,,-0.6,23,-1.75,75,,,,,,3,5,,RBA-400
RBA-500,,,-0.6,23,-1.75,75,,,,,,3,5,,RBA-500
RBS-160,,,,5,,15,,,,,,3,5,,RBS-160
RBS-250,,,,5,,15,,,,,,3,5,,RBS-250
RBS-320,,,,5,,15,,,,,,3,5,,RBS-320
RC-250,,,-0.6,24,-1.75,85,,,,,,4,7,,RC-250
RC-300,,,-0.6,24,-1.7,80,,,,,,4,7,,RC-300
RC-400,,,-0.6,24,-1.7,80,,,,,,4,7,,RC-400
RC-500,,,-0.6,24,-1.7,80,,,,,,4,7,,RC-500
RCB-350,,,-0.4,23,-1.18,82.1,,,,,,3,5,,RCB-350
RCB-450,,,-0.4,23,-1.18,73.5,,,,,,3,5,,RCB-450
RCB-550,,,-0.4,23,-1.18,73.5,,,,,,3,5,,RCB-550
RCH-1000,,,,7,,30,,,,,,3,5,,RCH-1000
RCH-1250,,,,7,,30,,,,,,3,5,,RCH-1250
RCH-800,,,,7,,30,,,,,,3,5,,RCH-800
RCK-250,,,-0.6,24,-1.75,85,,,,,,5,5,,RCK-250
RCK-300,,,-0.6,24,-1.7,80,,,,,,5,5,,RCK-300
RCK-400,,,-0.6,24,-1.7,80,,,,,,5,5,,RCK-400
RCK-500,,,-0.6,24,-1.7,80,,,,,,3,5,,RCK-500
RCV-1000,,,,7,,30,,,,,,3,5,,RCV-1000
RCV-800,,,,7,,30,,,,,,3,5,,RCV-800
RCX-300,,,-0.6,24,-1.75,75,,,,,,5,5,,RCX-300
RCX-400,,,-0.6,24,-1.7,75,,,,,,5,5,,RCX-400
RDS-200,,,,0,,15,,,,,,3,5,,RDS-200
RG-160,,,,5,,15,,,,,,3,5,,RG-160
RG-250,,,,5,,15,,,,,,3,5,,RG-250
RH-400,,,-0.6,23,-1.75,75,,,,,,3,5,,RH-400
RH-500,,,-0.6,23,-1.75,75,,,,,,3,5,,RH-500
RH-600,,,-0.6,23,-1.75,75,,,,,,3,5,,RH-600
RH-600,,P,-0.6,23,-1.75,75,,,,,,3,5,,RH-600P
RN-100,,,-0.6,24,-1.75,125,36,1.75,7.854,7.654,100,7,7,,RN-100
RN-100,,N,-0.6,24,-1.75,125,36,1.75,7.854,7.654,100,7,7,,RN-100N
RN-101,,,-0.6,24,-0.625,80,36,1.75,7.854,7.654,100,7,7,,RN-101
RN-150,,,-0.6,24,-1.3,80,72,1.75,5.498,5.348,150,7,7,,RN-150
RN-150,,N,-0.6,24,-1.3,80,72,1.75,5.498,5.348,150,7,7,,RN-150N
RN-200,,,-0.6,24,-1.3,80,72,1.75,5.498,5.348,200,7,7,,RN-200
RN-250,,,-0.6,24,-1.3,80,72,1.75,5.498,5.348,250,7,7,,RN-250
RN-300,,,-0.6,24,-1.3,80,72,1.75,5.498,5.348,300,7,7,,RN-300
RN-300,,N,-0.6,24,-1.3,80,72,1.75,5.498,5.348,300,7,7,,RN-300N
RNA-160,,,-0.6,24,-1.3,80,,,,,,7,7,,RNA-160
RNA-161,,,-0.6,24,-1.3,80,,,,,,7,7,,RNA-161
RNA-200,,,-0.6,24,-1.3,80,,,,,,7,7,,RNA-200
RNA-201,,,-0.6,24,-1.3,80,,,,,,7,7,,RNA-201
RNA-250,,,-0.6,24,-1.3,80,72,1.75,5.498,5.348,250,7,7,,RNA-250
RNA-251,,,-0.6,24,-1.3,80,72,1.75,5.498,5.348,250,7,7,,RNA-251
RNA-320,,,-0.6,24,-1.3,80,,,,,,7,7,,RNA-320
RNA-321,,,-0.6,24,-1.3,80,,,,,,7,7,,RNA-321
RNAS-250,,,-0.6,24,-1.3,80,,,,,,7,7,,RNAS-250
RNAS-320,,,-0.6,24,-1.3,80,,,,,,7,7,,RNAS-320
RNC-1001,Ri,,,7,,30,,,,,,3,5,,RNC-1001Ri
RNC-1001,,,,7,,30,,,,,,3,5,,RNC-1001
RNC-1201,,,,7,,30,,,,,,3,5,,RNC-1201
RNC-1201,Ri,,,7,,30,,,,,,3,5,,RNC-1201Ri
RNC-1501,Ri,,,7,,30,,,,,,3,5,,RNC-1501Ri
RNC-1501,,,,7,,30,,,,,,3,5,,RNC-1501
RNC-2001,,,,7,,30,,,,,,3,5,,RNC-2001
RNC-2001,Ri,,,7,,30,,,,,,3,5,,RNC-2001Ri
RNC-405,,,-0.4,29,-1.18,73.5,,,,,,5,7,,RNC-405
RNC-505,,,-0.4,29,-1.18,73.5,,,,,,5,7,,RNC-505
RNC-801,,,,7,,30,,,,,,3,5,,RNC-801
RNC-801,Ri,,,7,,30,,,,,,3,5,,RNC-801Ri
RNCB-402,,,-0.6,23,-2,85,,,,,,3,5,,RNCB-402
RNCB-501,,,-0.6,23,-1.5,65,,,,,,3,5,,RNCB-501
RNCB-631,,,-0.6,23,-1.5,65,,,,,,3,5,,RNCB-631
RNCK-301,,,-0.6,23,-2,85,,,,,,3,5,,RNCK-301
RNCK-301,Ri,,,,,,,,,,,3,5,,RNCK-301Ri
RNCK-401,,,-0.6,23,-2,85,,,,,,3,5,,RNCK-401
RNCK-401,Ri,,,,,,,,,,,3,5,,RNCK-401Ri
RNCK-501,,,-0.6,23,-1.5,65,,,,,,3,5,,RNCK-501
RNCK-501,Ri,,,,,,,,,,,3,5,,RNCK-501Ri
RNCK-501Ri,,,,,,,,,,,,3,5,,RNCK-501Ri
RNCK-631,RE,,,,,,,,,,,3,5,,RNCK-631RE
RNCK-631,,,-0.6,23,-1.5,65,,,,,,3,5,,RNCK-631
RNCK-631,Ri,,,,,,,,,,,3,5,,RNCK-631Ri
RNCM-251,,,-0.6,23,-2,85,,,,,,3,5,,RNCM-251
RNCM-251,Ri,,-0.6,23,-2,85,,,,,,3,5,,RNCM-251Ri
RNCM-301,,,-0.6,23,-2,85,,,,,,3,5,,RNCM-301
RNCM-301,Ri,,-0.6,23,-2,85,,,,,,3,5,,RNCM-301Ri
RNCM-401,,,-0.6,23,-2,85,,,,,,3,5,,RNCM-401
RNCM-401,Ri,,-0.6,23,-2,85,,,,,,3,5,,RNCM-401Ri
RNCM-501,,,-0.6,23,-1.5,65,,,,,,3,5,,RNCM-501
RNCM-501,Ri,,-0.6,23,-1.5,65,,,,,,3,5,,RNCM-501Ri
RNCM-631,,,-0.6,23,-1.5,65,,,,,,3,5,,RNCM-631
RNCM-631,Ri,,-0.6,23,-1.5,65,,,,,,3,5,,RNCM-631Ri
RNCV-1001,,,,5,,20,,,,,,3,5,,RNCV-1001
RNCV-1201,,,,5,,20,,,,,,3,5,,RNCV-1201
RNCV-1501,,,,5,,20,,,,,,3,5,,RNCV-1501
RNCV-151,,,-0.6,24,2,85,,,,,,3,5,,RNCV-151
RNCV-201,,,-0.6,23,-2,85,,,,,,3,5,,RNCV-201
RNCV-301,,,-0.6,23,-2,85,,,,,,3,5,,RNCV-301
RNCV-401,,,-0.6,23,-1.75,75,72,1.75,5.498,5.348,300,3,5,,RNCV-401
RNCV-401,Ri,,-0.6,23,-1.75,75,72,1.75,5.498,5.348,300,3,5,,RNCV-401Ri
RNCV-401,RE,,-0.6,23,-1.75,75,72,1.75,5.498,5.348,300,3,5,,RNCV-401RE
RNCV-801,,,,7,,30,,,,,,3,5,,RNCV-801
RNCV-801,Ri,,,,,,,,,,,3,5,,RNCV-801Ri
RNCV-801,RE,,,,,,,,,,,3,5,,RNCV-801RE
RNE-160,,,-0.6,24,-1.3,80,,,,,,4,7,,RNE-160
RNE-200,,,-0.6,24,-1.3,80,,,,,,4,7,,RNE-200
RNE-250,,,-0.6,24,-1.3,80,72,1.75,5.498,5.348,250,4,7,,RNE-250
RNE-320,,,-0.6,24,-1.3,80,,,,,,4,7,,RNE-320
RT-1,,,-0.6,23,-2,85,,,,,,3,5,,RT-1
RT-104,,,,7,,30,,,,,,3,5,,RT-104
RT-105,,,-0.6,23,-1.5,65,,,,,,3,5,,RT-105
RT-106,,,-0.6,23,-1.5,65,,,,,,3,5,,RT-106
RT-110,,,-0.6,23,-2,85,,,,,,3,5,,RT-110
RT-113,,,-0.6,23,-1.75,75,,,,,,3,5,,RT-113
RT-120,,,-0.6,23,-2,85,,,,,,3,5,,RT-120
RT-122,,,,,,,,,,,,3,5,,RT-122
RT-124,,,-0.6,23,-1.75,75,,,,,,3,5,,RT-124
RT-126,,,-0.6,23,-1.75,75,,,,,,3,5,,RT-126
RT-129,,,-0.6,23,-1.75,75,,,,,,3,5,,RT-129
RT-132,,,-0.6,23,-1.75,75,,,,,,3,5,,RT-132
RT-133,,,-0.6,23,-1.75,75,,,,,,3,5,,RT-133
RT-135,,,-0.6,23,-1.75,75,,,,,,3,5,,RT-135
RT-137,,,-0.6,23,-1.75,75,,,,,,3,5,,RT-137
RT-138,,,-0.6,23,-1.75,75,,,,,,3,5,,RT-138
RT-146,,,-0.6,23,-1.75,75,,,,,,3,5,,RT-146
RT-147,,,-0.6,23,-1.1,87,,,,,,4,7,,RT-147
RT-148,,,-0.6,23,-1.75,75,,,,,,3,5,,RT-148
RT-149,,,-0.6,23,-2,85,,,,,,3,5,,RT-149
RT-151,,,-0.6,23,-1.75,75,,,,,,3,5,,RT-151
RT-152,,,-0.6,23,-1.75,75,,,,,,3,5,,RT-152
RT-154,,,-0.6,23,-1.75,75,,,,,,3,5,,RT-154
RT-155,,,,,,,,,,,,3,5,,RT-155
RT-156,,,,7,,30,,,,,,3,5,,RT-156
RT-157,,,-0.6,24,-0.625,80,,,,,,3,5,,RT-157
RT-158,,,-0.6,23,-2,85,,,,,,3,5,,RT-158
RT-159,,,-0.6,23,-1.75,75,,,,,,3,5,,RT-159
RT-160,,,-0.4,29,-1.18,82.1,,,,,,3,5,,RT-160
RT-162,,,-0.6,23,-1.75,75,,,,,,3,5,,RT-162
RT-163,,,-0.6,23,-1.75,75,,,,,,3,5,,RT-163
RT-164,,,-0.6,23,-1.75,75,,,,,,3,5,,RT-164
RT-166,,,-0.6,23,-1.75,75,,,,,,3,5,,RT-166
RT-169,,,-0.6,23,-1.75,75,,,,,,3,5,,RT-169
RT-170,,,-0.6,24,-1.75,75,,,,,,3,5,,RT-170
RT-171,,,-0.4,29,-1.18,73.5,,,,,,3,5,,RT-171
RT-173,,,-0.6,23,-2,85,,,,,,3,5,,RT-173
RT-174,,,-0.6,24,-1.75,85,,,,,,3,5,,RT-174
RT-176,,,-0.6,24,-1.75,85,,,,,,3,5,,RT-176
RT-177,,,,0,,99,,,,,,3,5,,RT-177
RT-178,,,,0,,99,,,,,,3,5,,RT-178
RT-182,,,-0.4,29,-1.18,73.5,,,,,,3,5,,RT-182
RT-183,,,-0.4,29,-1.18,63.5,,,,,,3,5,,RT-183
RT-184,,,-0.6,23,-2,85,,,,,,3,5,,RT-184
RT-185,,,-0.6,23,-2,85,,,,,,3,5,,RT-185
RT-187,,,-0.6,23,-2,85,,,,,,3,5,,RT-187
RT-188,,,-0.6,23,-2,85,,,,,,3,5,,RT-188
RT-189,,,-0.6,24,-1.75,75,,,,,,3,5,,RT-189
RT-193,,,-0.6,24,-1.75,75,,,,,,3,5,,RT-193
RT-195,,,-0.6,24,-1.75,75,,,,,,3,5,,RT-195
RT-196,,,-0.6,24,-1.75,75,,,,,,3,5,,RT-196
RT-197,,,-0.6,24,-1.75,75,,,,,,3,5,,RT-197
RT-198,,,-0.6,23,-2,85,,,,,,3,5,,RT-198
RT-199,,,-0.6,24,-1.3,80,,,,,,3,5,,RT-199
RT-200,,,-0.6,24,-1.3,80,72,1.75,5.498,5.348,200,3,5,,RT-200
RT-201,,,-0.6,24,-1.75,75,,,,,,3,5,,RT-201
RT-205,,,-0.6,24,-1.75,75,,,,,,3,5,,RT-205
RT-207,,,-0.6,24,-1.75,75,,,,,,3,5,,RT-207
RT-208,,,-0.6,24,-1.75,75,,,,,,3,5,,RT-208
RT-209,,,-0.6,24,-1.75,75,,,,,,3,5,,RT-209
RT-210,,,-0.6,24,-1.75,75,,,,,,3,5,,RT-210
RT-211,,,-0.6,24,-1.75,75,,,,,,3,5,,RT-211
RT-212,,,-0.6,24,-1.3,80,,,,,,3,5,,RT-212
RT-213,,,-0.6,24,-1.75,75,,,,,,3,5,,RT-213
RT-214,,,-0.6,24,-1.3,80,,,,,,3,5,,RT-214
RT-215,,,-0.6,24,-1.3,80,,,,,,3,5,,RT-215
RT-216,,,-0.6,24,-1.75,75,,,,,,3,5,,RT-216
RT-217,,,-0.6,24,-1.3,80,,,,,,3,5,,RT-217
RT-218,,,-0.6,24,-1.75,75,,,,,,3,5,,RT-218
RT-219,,,-0.6,24,-1.3,80,,,,,,3,5,,RT-219
RT-220,,,-0.6,24,-1.3,80,,,,,,3,5,,RT-220
RT-221,,,-0.6,24,-1.75,75,,,,,,3,5,,RT-221
RT-222,,,-0.6,24,-1.3,80,,,,,,3,5,,RT-222
RT-223,,,-0.6,24,-1.75,75,,,,,,3,5,,RT-223
RT-224,,,-0.6,24,-1.3,80,,,,,,3,5,,RT-224
RT-225,,,-0.6,24,-1.75,75,,,,,,3,5,,RT-225
RT-226,,,-0.6,24,-1.75,75,,,,,,3,5,,RT-226
RT-227,,,-0.6,24,-1.75,75,,,,,,3,5,,RT-227
RT-228,,,-0.6,24,-1.3,80,,,,,,3,5,,RT-228
RT-229,,,-0.6,24,-1.75,75,,,,,,3,5,,RT-229
RT-230,,,-0.6,24,-1.3,80,,,,,,3,5,,RT-230
RT-231,,,-0.6,24,-1.75,75,,,,,,3,5,,RT-231
RT-232,,,-0.6,24,-1.75,75,,,,,,3,5,,RT-232
RT-233,,,-0.6,24,-1.3,80,,,,,,3,5,,RT-233
RT-236,,,-0.6,24,-1.75,75,,,,,,3,5,,RT-236
RT-237,,,-0.6,24,-1.75,75,,,,,,3,5,,RT-237
RT-240,,,-0.6,24,-1.75,75,,,,,,3,5,,RT-240
RT-241,,,-0.6,24,-1.75,75,,,,,,3,5,,RT-241
RT-242,,,-0.6,24,-1.75,75,,,,,,3,5,,RT-242
RT-244,,,-0.6,24,-1.75,75,,,,,,3,5,,RT-244
RT-245,,,-0.6,24,-1.75,75,,,,,,3,5,,RT-245
RT-246,,,-0.6,24,-1.75,75,,,,,,3,5,,RT-246
RT-247,,,-0.4,29,-1.18,73.5,,,,,,3,5,,RT-247
RT-248,,,-0.6,24,-1.5,75,,,,,,3,5,,RT-248
RT-249,,,-0.6,24,-1.5,75,,,,,,3,5,,RT-249
RT-250,,,-0.6,24,-1.5,75,,,,,,3,5,,RT-250
RT-251,,,-0.6,24,-1.3,80,,,,,,3,5,,RT-251
RT-255,,,-0.6,24,-1.5,75,,,,,,3,5,,RT-255
RT-256,,,-0.6,24,-1.5,75,,,,,,3,5,,RT-256
RT-260,,,-0.6,24,-1.5,75,,,,,,3,5,,RT-260
RT-261,,,-0.6,24,-1.3,80,,,,,,3,5,,RT-261
RT-262,,,-0.6,24,-1.7,80,,,,,,3,5,,RT-262
RT-263,,,-0.6,24,-1.5,75,,,,,,3,5,,RT-263
RT-264,,,-0.6,24,-1.5,75,,,,,,3,5,,RT-264
RT-265,,,-0.6,24,-1.5,75,,,,,,3,5,,RT-265
RT-267,,,,,,,,,,,,3,5,,RT-267
RT-268,,,-0.6,24,-1.5,75,,,,,,3,5,,RT-268
RT-269,,,-0.6,24,-1.5,75,,,,,,3,5,,RT-269
RT-270,,,-0.6,24,-1.3,80,,,,,,3,5,,RT-270
RT-271,,,-0.4,29,-1.18,73.5,,,,,,3,5,,RT-271
RT-275,,,-0.4,29,-1.18,73.5,,,,,,3,5,,RT-275
RT-277,,,,,,,,,,,,3,5,,RT-277
RT-278,,,-0.6,24,-1.5,75,,,,,,3,5,,RT-278
RT-279,,,,,,,,,,,,3,5,,RT-279
RT-280,,,-0.6,24,-1.5,75,,,,,,3,5,,RT-280
RT-281,,,,,,,,,,,,3,5,,RT-281
RT-282,,,-0.6,24,-1.5,75,,,,,,3,5,,RT-282
RT-283,,,-0.4,29,-1.18,87.1,,,,,,3,5,,RT-283
RT-284,,,,7,,30,,,,,,3,5,,RT-284
RT-285,,,-0.6,24,-1.3,80,,,,,,3,5,,RT-285
RT-286,,,-0.4,19,-1.18,63.6,,,,,,3,5,,RT-286
RT-287,,,-0.4,19,-1.1,64,,,,,,3,5,温度20℃で　MIN 10～20sec MAX 40sec 以下,RT-287
RT-288,,,-0.6,24,-1.3,80,,,,,,3,5,,RT-288
RT-289,,,-0.6,24,-1.5,75,,,,,,3,5,,RT-289
RT-291,,,-0.4,29,-1.18,73.5,,,,,,3,5,,RT-291
RT-292,,,-0.4,29,-1.18,73.5,,,,,,3,5,,RT-292
RT-47,,,-0.6,24,-1.5,75,,,,,,3,5,,RT-47
RT-54,,,-0.6,24,-1.5,75,,,,,,3,5,,RT-54
RT-57,,,-0.6,24,-1.5,75,,,,,,3,5,,RT-57
RT-58,,,-0.6,24,-1.5,75,,,,,,3,5,,RT-58
RT-60,,,-0.4,29,-1.18,87.1,,,,,,3,5,,RT-60
RT-61,,,-0.4,29,-1.18,87.1,,,,,,3,5,,RT-61
RT-7,,,,7,,30,,,,,,3,5,,RT-7
RT-71,,,-0.6,24,-1.5,75,,,,,,3,5,,RT-71
RT-74,,,-0.6,24,-1.5,75,,,,,,3,5,,RT-74
RT-76,,,-0.6,24,-1.5,75,,,,,,3,5,,RT-76
RT-83,,,-0.4,29,-1.18,87.1,,,,,,3,5,,RT-83
RT-85,,,,,,,,,,,,3,5,,RT-85
RT-88,,,-0.4,29,-1.18,87.1,,,,,,3,5,,RT-88
RT-95,,,-0.6,23,-2,85,,,,,,3,5,,RT-95
RT-98,,,-0.6,24,-1.7,80,,,,,,3,5,,RT-98
RTH-101,,,,0,,10,,,,,,3,5,,RTH-101
RTH-102,,,-0.4,29,-1.18,87.1,,,,,,3,5,,RTH-102
RTH-103,,,-0.4,29,-1.18,87.1,,,,,,3,5,,RTH-103
RTH-104,,,,0,,10,,,,,,3,5,,RTH-104
RTH-201,,,-0.6,23,-2,85,,,,,,3,5,,RTH-201
RTH-202,,,,0,,10,,,,,,3,5,,RTH-202
RTH-203,,,-0.6,23,-2,85,,,,,,3,5,,RTH-203
RTH-204,,,,0,,10,,,,,,3,5,,RTH-204
RTH-205,,,,0,,10,,,,,,3,5,,RTH-205
RTH-302,,,-0.6,24,-1.75,80,,,,,,3,5,,RTH-302
RTH-401,,,-0.4,29,-1.18,73.5,,,,,,4,7,,RTH-401
RTH-404,,,-0.6,24,-1.5,75,,,,,,3,5,,RTH-404
RTH-405,,,-0.6,24,-1.5,75,,,,,,3,5,,RTH-405
RTH-406,,,-0.6,24,-1.5,75,,,,,,3,5,,RTH-406
RTH-407,,,-0.6,24,-1.5,75,,,,,,3,5,,RTH-407
RTH-408,,,-0.6,24,-1.5,75,,,,,,3,5,,RTH-408
RTH-409,,,,0,,10,,,,,,3,5,,RTH-409
RTH-410,,,-0.6,24,-1.5,75,,,,,,3,5,,RTH-410
RTH-412,,,-0.6,24,-1.5,75,,,,,,3,5,,RTH-412
RTH-413,,,-0.6,24,-1.5,75,,,,,,3,5,,RTH-413
RTH-414,,,-0.6,24,-1.5,75,,,,,,3,5,,RTH-414
RTH-415,,,-0.6,24,-1.5,75,,,,,,3,5,,RTH-415
RTH-416,,,,0,,10,,,,,,3,5,,RTH-416
RTH-417,,,-0.6,24,-1.5,75,,,,,,3,5,,RTH-417
RTH-419,,,-0.6,24,-1.5,75,,,,,,3,5,,RTH-419
RTH-420,,,-0.6,24,-1.5,75,,,,,,3,5,,RTH-420
RTH-421,,,-0.6,24,-1.5,75,,,,,,3,5,,RTH-421
RTH-422,,,-0.6,24,-1.5,75,,,,,,3,5,,RTH-422
RTH-423,,,-0.6,24,-1.5,75,,,,,,3,5,,RTH-423
RTH-424,,,-0.6,24,-1.5,75,,,,,,3,5,,RTH-424
RTH-425,,,-0.6,24,-1.5,75,,,,,,3,5,,RTH-425
RTH-426,,,-0.6,24,-1.5,75,,,,,,3,5,,RTH-426
RTH-501,,,-0.6,24,-1.5,75,,,,,,3,5,,RTH-501
RTH-502,,,,0,,99,,,,,,3,5,,RTH-502
RTH-503,,,-0.6,24,-1.5,75,,,,,,3,5,,RTH-503
RTH-504,,,-0.6,24,-1.5,75,,,,,,3,5,,RTH-504
RTH-506,,,-0.6,24,-1.5,75,,,,,,3,5,,RTH-506
RTH-507,,,-0.6,24,-1.5,75,,,,,,3,5,,RTH-507
RTH-508,,,-0.6,24,-1.5,75,,,,,,3,5,,RTH-508
RTH-510,,,-0.6,24,-1.5,75,,,,,,3,5,,RTH-510
RTH-511,,,-0.6,24,-1.5,75,,,,,,3,5,,RTH-511
RTH-512,,,,0,,10,,,,,,3,5,,RTH-512
RTH-513,,,-0.6,24,-1.5,75,,,,,,3,5,,RTH-513
RTH-514,,,-0.6,24,-1.5,75,,,,,,3,5,,RTH-514
RTH-515,,,-0.6,24,-1.5,75,,,,,,3,5,,RTH-515
RTH-516,,,-0.6,24,-1.5,75,,,,,,3,5,,RTH-516
RTH-517,,,-0.6,24,-1.5,75,,,,,,3,5,,RTH-517
RTH-518,,,-0.6,24,-1.5,75,,,,,,3,5,,RTH-518
RTH-520,,,-0.6,24,-1.5,75,,,,,,3,5,,RTH-520
RTH-521,,,-0.6,24,-1.5,75,,,,,,3,5,,RTH-521
RTH-522,,,-0.6,24,-1.5,75,,,,,,3,5,,RTH-522
RTH-523,,,-0.6,24,-1.5,75,,,,,,3,5,,RTH-523
RTH-524,,,-0.6,24,-1.5,75,,,,,,3,5,,RTH-524
RTH-525,,,-0.6,24,-1.5,75,,,,,,3,5,,RTH-525
RTH-526,,,-0.6,24,-1.5,75,,,,,,3,5,,RTH-526
RTH-527,,,-0.6,24,-1.5,75,,,,,,3,5,,RTH-527
RTH-528,,,-0.6,24,-1.5,75,,,,,,3,5,,RTH-528
RTH-529,,,-0.6,24,-1.5,75,,,,,,3,5,,RTH-529
RTH-530,,,,0,,99,,,,,,3,5,,RTH-530
RTH-531,,,,,,,,,,,,3,5,,RTH-531
RTH-533,,,-0.6,24,-1.5,75,,,,,,3,5,,RTH-533
RTH-534,,,-0.6,24,-1.5,75,,,,,,3,5,,RTH-534
RTH-601,,,-0.6,23,-1.5,65,,,,,,3,5,,RTH-601
RTH-602,,,-0.6,23,-1.5,65,,,,,,3,5,,RTH-602
RTH-603,,,-0.6,23,-1.5,65,,,,,,3,5,,RTH-603
RTH-604,,,,0,,99,,,,,,3,5,,RTH-604
RTH-605,,,,0,,99,,,,,,3,5,,RTH-605
RTH-606,,,-0.6,23,-1.5,65,,,,,,3,5,,RTH-606
RTH-607,,,-0.6,23,-1.5,65,,,,,,3,5,,RTH-607
RTH-608,,,-0.6,23,-1.5,65,,,,,,3,5,,RTH-608
RTH-609,,,-0.6,24,-1.5,75,,,,,,3,5,,RTH-609
RTH-610,,,-0.6,23,-1.5,65,,,,,,3,5,,RTH-610
RTH-611,,,-0.6,23,-1.5,65,,,,,,3,5,,RTH-611
RTH-612,,,-0.6,23,-1.5,65,,,,,,3,5,,RTH-612
RTH-613,,,-0.6,23,-1.5,65,,,,,,3,5,,RTH-613
RTH-614,,,,0,,99,,,,,,3,5,,RTH-614
RTH-615,,,-0.6,23,-1.5,65,,,,,,3,5,,RTH-615
RTH-616,,,,0,,99,,,,,,3,5,,RTH-616
RTH-617,,,-0.6,23,-1.5,65,,,,,,3,5,,RTH-617
RTH-618,,,-0.6,23,-1.5,65,,,,,,3,5,,RTH-618
RTH-619,,,-0.6,24,-1.5,75,,,,,,3,5,,RTH-619
RTH-620,,,-0.6,23,-1.5,65,,,,,,3,5,,RTH-620
RTH-622,,,-0.6,23,-1.5,65,,,,,,3,5,,RTH-622
RTH-624,,,-0.6,24,-1.5,75,,,,,,3,5,,RTH-624
RTH-801,,,,7,,30,,,,,,3,5,,RTH-801
RTH-802,,,,7,,30,,,,,,3,5,,RTH-802
RTH-803,,,,7,,30,,,,,,3,5,,RTH-803
RTH-804,,,,7,,30,,,,,,3,5,,RTH-804
RTH-805,,,,0,,99,,,,,,3,5,,RTH-805
RTH-806,,,,7,,30,,,,,,3,5,,RTH-806
RTH-807,,,,7,,30,,,,,,3,5,,RTH-807
RTH-808,,,,7,,30,,,,,,3,5,,RTH-808
RTH-809,,,,7,,30,,,,,,3,5,,RTH-809
RTH-901,,,,0,,99,,,,,,3,5,,RTH-901
RTH-902,,,,7,,30,,,,,,3,5,,RTH-902
RTH-903,,,,7,,30,,,,,,3,5,,RTH-903
RTH-904,,,,7,,30,,,,,,3,5,,RTH-904
RTH-905,,,,7,,30,,,,,,3,5,,RTH-905
RTH-907,,,,7,,30,,,,,,3,5,,RTH-907
RTH-908,,,,7,,30,,,,,,3,5,,RTH-908
RTH-909,,,,0,,99,,,,,,3,5,,RTH-909
RTT-101,,,,0,,10,,,,,,3,5,,RTT-101
RTT-102,,,-0.4,29,-1.18,87.1,,,,,,3,5,,RTT-102
RTT-103,,,-0.4,29,-1.18,87.1,,,,,,3,5,,RTT-103
RTT-104,,,-0.4,29,-1.18,87.1,,,,,,3,5,,RTT-104
RTT-105,,,,0,,10,,,,,,3,5,,RTT-105
RTT-106,,,-0.4,29,-1.18,87.1,,,,,,3,5,,RTT-106
RTT-107,,,,0,,10,,,,,,3,5,,RTT-107
RTT-108,,,-0.4,29,-1.18,87.1,,,,,,3,5,,RTT-108
RTT-111,,,-0.4,29,-1.18,87.1,,,,,,3,5,,RTT-111
RTT-112,,,,0,,10,,,,,,3,5,,RTT-112
RTT-113,,,,0,,10,,,,,,3,5,,RTT-113
RTT-115,,,,0,,10,,,,,,3,5,,RTT-115
RTT-116,,,,0,,10,,,,,,3,5,,RTT-116
RTT-117,,,-0.4,29,-1.18,87.1,,,,,,3,5,,RTT-117
RTT-119,,,,0,,10,,,,,,3,5,,RTT-119
RTT-120,,,-0.6,24,-1.3,80,,,,,,4,7,,RTT-120
RTT-121,,,-0.4,29,-1.18,87.1,,,,,,3,5,,RTT-121
RTT-124,,,-0.6,24,-1.3,80,,,,,,4,7,,RTT-124
RTT-128,,,-0.6,24,-1.3,80,,,,,,4,7,,RTT-128
RTT-201,,,,0,,10,,,,,,3,5,,RTT-201
RTT-202,,,,0,,10,,,,,,3,5,,RTT-202
RTT-203,,,-0.6,24,-1.3,80,,,,,,3,5,,RTT-203
RTT-204,,,-0.6,24,-1.3,80,,,,,,3,5,,RTT-204
RTT-205,,,-0.6,24,-1.3,80,,,,,,3,5,,RTT-205
RTT-206,,,-0.6,24,-1.3,80,,,,,,3,5,,RTT-206
RTT-207,,,-0.6,24,-1.3,80,,,,,,3,5,,RTT-207
RTT-208,,,,0,,10,,,,,,3,5,,RTT-208
RTT-209,,,,0,,10,,,,,,3,5,,RTT-209
RTT-210,,,-0.6,24,-1.3,80,,,,,,3,5,,RTT-210
RTT-211,,,,0,,10,,,,,,3,5,,RTT-211
RTT-212,,,,0,,10,,,,,,3,5,,RTT-212
RTT-213,,,-1,36,-1.3,80,,,,,,3,5,,RTT-213
RTT-215,,,-1,36,-1.3,80,,,,,,3,5,,RTT-215
RTT-301,,,-0.6,24,-1.3,80,,,,,,3,5,,RTT-301
RTT-302,,,-0.6,24,-1.3,80,,,,,,3,5,,RTT-302
RTT-303,,,-0.6,24,-1.3,80,,,,,,3,5,,RTT-303
RTT-304,,,-0.6,24,-1.3,80,,,,,,3,5,,RTT-304
RTT-305,,,,0,,10,,,,,,3,5,,RTT-305
RTT-306,,,-0.6,24,-1.3,80,,,,,,3,5,,RTT-306
RTT-307,,,-0.6,24,-1.3,80,,,,,,3,5,,RTT-307
RTT-308,,,-0.6,24,-1.3,80,,,,,,3,5,,RTT-308
RTT-309,,,-0.6,24,-1.3,80,,,,,,3,5,,RTT-309
RTT-311,,,,5,,15,,,,,,3,5,,RTT-311
RTT-312,,,,5,,15,,,,,,3,5,,RTT-312
RTT-315,,,,5,,15,,,,,,3,5,,RTT-315
RTT-318,,,,5,,15,,,,,,3,5,,RTT-318
RTT-401,,,-0.6,24,-1.5,75,,,,,,3,5,,RTT-401
RTT-402,,,-0.6,24,-1.5,75,,,,,,3,5,,RTT-402
RTT-403,,,-0.6,24,-1.5,75,,,,,,3,5,,RTT-403
RTT-404,,,-0.6,24,-1.5,75,,,,,,3,5,,RTT-404
RTT-405,,,-0.6,24,-1.5,75,,,,,,3,5,,RTT-405
RTT-408,,,-0.6,24,-1.5,75,,,,,,3,5,,RTT-408
RTT-409,,,-0.6,24,-1.5,75,,,,,,3,5,,RTT-409
RTT-410,,,-0.6,24,-1.5,75,,,,,,3,5,,RTT-410
RTT-411,,,-0.6,24,-1.5,75,,,,,,3,5,,RTT-411
RTT-412,,,-0.6,24,-1.5,75,,,,,,3,5,,RTT-412
RTT-413,,,-0.6,24,-1.5,75,,,,,,3,5,,RTT-413
RTT-414,,,-0.6,24,-1.5,75,,,,,,3,5,,RTT-414
RTT-415,,,-0.6,24,-1.5,75,,,,,,3,5,,RTT-415
RTT-416,,,-0.6,24,-1.5,75,,,,,,3,5,,RTT-416
RTT-417,,,-0.6,24,-1.5,75,,,,,,3,5,,RTT-417
RTT-418,,,-0.6,24,-1.5,75,,,,,,3,5,,RTT-418
RTT-419,,,-0.6,24,-1.5,75,,,,,,3,5,,RTT-419
RTT-420,,,-0.6,24,-1.5,75,,,,,,3,5,,RTT-420
RTT-421,,,-0.6,24,-1.5,75,,,,,,3,5,,RTT-421
RTT-422,,,-0.6,24,-1.5,75,,,,,,3,5,,RTT-422
RTT-423,,,-0.6,24,-1.5,75,,,,,,3,5,,RTT-423
RTT-424,,,-0.6,24,-1.5,75,,,,,,3,5,,RTT-424
RTT-425,,,-0.6,24,-1.5,75,,,,,,3,5,,RTT-425
RTT-426,,,-0.6,24,-1.5,75,,,,,,3,5,,RTT-426
RTT-427,,,-0.6,24,-1.5,75,,,,,,3,5,,RTT-427
RTT-428,,,-0.6,24,-1.5,75,,,,,,3,5,,RTT-428
RTT-429,,,-0.6,24,-1.5,75,,,,,,3,5,,RTT-429
RTT-430,,,-0.6,24,-1.5,75,,,,,,3,5,,RTT-430
RTT-431,,,-0.6,24,-1.5,75,,,,,,3,5,,RTT-431
RTT-432,,,-0.6,24,-1.5,75,,,,,,3,5,,RTT-432
RTT-433,,,-0.6,24,-1.5,75,,,,,,3,5,,RTT-433
RTT-434,,,-0.6,24,-1.5,75,,,,,,3,5,,RTT-434
RTT-435,,,-0.6,24,-1.5,75,,,,,,3,5,,RTT-435
RTT-436,,,-0.6,24,-1.5,75,,,,,,3,5,,RTT-436
RTT-437,,,-0.6,24,-1.5,75,,,,,,3,5,,RTT-437
RTT-438,,,-0.6,24,-1.5,75,,,,,,3,5,,RTT-438
RTT-439,,,-0.6,24,-1.5,75,,,,,,3,5,,RTT-439
RTT-440,,,-0.6,24,-1.5,75,,,,,,3,5,,RTT-440
RTT-441,,,-0.6,24,-1.5,75,,,,,,3,5,,RTT-441
RTT-442,,,-0.6,24,-1.5,75,,,,,,3,5,,RTT-442
RTT-443,,,-0.6,24,-1.5,75,,,,,,3,5,,RTT-443
RTT-444,,,-0.6,24,-1.5,75,,,,,,3,5,,RTT-444
RTT-445,,,-0.6,24,-1.5,75,,,,,,3,5,,RTT-445
RTT-446,,,-0.6,24,-1.5,75,,,,,,3,5,,RTT-446
RTT-447,,,-0.6,24,-1.5,75,,,,,,3,5,,RTT-447
RTT-448,,,-0.6,24,-1.5,75,,,,,,3,5,,RTT-448
RTT-449,,,-0.6,24,-1.5,75,,,,,,3,5,,RTT-449
RTT-450,,,-0.4,29,-1.18,73.5,,,,,,4,7,,RTT-450
RTT-451,,,-0.6,24,-1.5,75,,,,,,3,5,,RTT-451
RTT-452,,,-0.6,24,-1.5,75,,,,,,3,5,,RTT-452
RTT-453,,,-0.6,24,-1.5,75,,,,,,3,5,,RTT-453
RTT-454,,,-0.6,24,-1.5,75,,,,,,3,5,,RTT-454
RTT-455,,,-0.4,29,-1.18,73.5,,,,,,4,7,,RTT-455
RTT-456,,,,0,,10,,,,,,3,5,,RTT-456
RTT-457,,,-0.6,24,-1.5,75,,,,,,3,5,,RTT-457
RTT-459,,,-0.6,24,-1.75,80,72,1.75,5.498,5.348,150,3,5,,RTT-459
RTT-501,,,-0.6,24,-1.5,75,,,,,,3,5,,RTT-501
RTT-502,,,-0.6,24,-1.5,75,,,,,,3,5,,RTT-502
RTT-504,,,-0.6,24,-1.5,75,,,,,,3,5,,RTT-504
RTT-505,,,,0,,10,,,,,,3,5,,RTT-505
RTT-506,,,-0.6,24,-1.5,75,,,,,,3,5,,RTT-506
RTT-507,,,-0.6,24,-1.5,75,,,,,,3,5,,RTT-507
RTT-509,,,,0,,10,,,,,,3,5,,RTT-509
RTT-510,,,-0.6,24,-1.5,75,,,,,,3,5,,RTT-510
RTT-511,,,-0.6,24,-1.5,75,,,,,,3,5,,RTT-511
RTT-601,,,-0.6,23,-1.5,65,,,,,,3,5,,RTT-601
RTT-602,,,-0.6,23,-1.5,65,,,,,,3,5,,RTT-602
RTT-603,,,,0,,10,,,,,,3,5,,RTT-603
RTT-802,,,,7,,30,,,,,,3,5,,RTT-802
RTV-101,,,-0.6,24,-0.625,80,,,,,,3,5,,RTV-101
RTV-106,,,,0,,10,,,,,,3,5,,RTV-106
RTV-107,,,-0.6,24,-0.625,80,,,,,,3,5,,RTV-107
RTV-108,,,,0,,40,,,,,,3,5,,RTV-108
RTV-109,,,-0.6,24,-0.625,80,,,,,,3,5,,RTV-109
RTV-111,,,-0.6,24,-0.625,80,,,,,,3,5,,RTV-111
RTV-112,,,,0,,10,,,,,,3,5,,RTV-112
RTV-113,,,-0.6,24,-0.625,80,,,,,,3,5,,RTV-113
RTV-114,,,-0.6,24,-0.625,80,,,,,,3,5,,RTV-114
RTV-115,,,-0.6,24,-0.625,80,,,,,,3,5,,RTV-115
RTV-116,,,-0.6,24,-0.625,80,,,,,,3,5,,RTV-116
RTV-117,,,-0.6,24,-0.625,80,,,,,,3,5,,RTV-117
RTV-118,,,-0.6,24,-0.625,80,,,,,,3,5,,RTV-118
RTV-119,,,-0.6,24,-0.625,80,,,,,,3,5,,RTV-119
RTV-120,,,,0,,10,,,,,,3,5,,RTV-120
RTV-121,,,-0.6,24,-0.625,80,,,,,,3,5,,RTV-121
RTV-122,,,-0.6,24,-1.3,80,,,,,,4,7,,RTV-122
RTV-150,,,-0.6,24,-1.3,80,,,,,,3,5,,RTV-150
RTV-201,,,-0.6,24,-1.3,80,,,,,,3,5,,RTV-201
RTV-202,,,,0,,10,,,,,,3,5,,RTV-202
RTV-203,,,-0.6,24,-1.3,80,,,,,,3,5,,RTV-203
RTV-204,,,,0,,10,,,,,,3,5,,RTV-204
RTV-205,,,-0.6,24,-1.3,80,,,,,,3,5,,RTV-205
RTV-206,,,-0.6,24,-1.3,80,,,,,,3,5,,RTV-206
RTV-207,,,-0.6,24,-1.3,80,,,,,,3,5,,RTV-207
RTV-208,,,-0.6,24,-1.3,80,,,,,,3,5,,RTV-208
RTV-209,,,-0.6,24,-1.3,80,,,,,,3,5,,RTV-209
RTV-210,,,-0.6,24,-1.3,80,,,,,,3,5,,RTV-210
RTV-212,,,,0,,99,,,,,,3,5,,RTV-212
RTV-214,,,-0.6,24,-1.3,80,,,,,,3,5,,RTV-214
RTV-215,,,-0.6,24,-1.3,80,,,,,,3,5,,RTV-215
RTV-216,,,-0.6,24,-1.3,80,,,,,,3,5,,RTV-216
RTV-218,,,-0.6,24,-1.3,80,,,,,,3,5,,RTV-218
RTV-219,,,-0.6,24,-1.3,80,,,,,,3,5,,RTV-219
RTV-220,,,-0.6,24,-1.3,80,,,,,,3,5,,RTV-220
RTV-221,,,-0.6,24,-1.3,80,,,,,,3,5,,RTV-221
RTV-222,,,-0.6,24,-1.3,80,,,,,,3,5,,RTV-222
RTV-223,,,-0.6,24,-1.3,80,,,,,,3,5,,RTV-223
RTV-224,,,,0,,10,,,,,,3,5,,RTV-224
RTV-225,,,,5,,15,,,,,,3,5,,RTV-225
RTV-226,,,,5,,15,,,,,,3,5,,RTV-226
RTV-228,,,,5,,15,,,,,,3,5,,RTV-228
RTV-229,,,-0.6,24,-1.3,80,,,,,,3,5,,RTV-229
RTV-230,,,-0.6,24,-1.3,80,,,,,,3,5,,RTV-230
RTV-231,,,-0.6,24,-1.3,80,,,,,,3,5,,RTV-231
RTV-232,,,-0.6,24,-1.3,80,,,,,,4,7,,RTV-232
RTV-233,,,-0.6,24,-1.3,80,,,,,,4,7,,RTV-233
RTV-301,,,-0.6,24,-1.75,80,,,,,,3,5,,RTV-301
RTV-303,,,-0.6,24,-1.75,80,,,,,,3,5,,RTV-303
RTV-304,,,-0.6,24,-1.75,80,,,,,,3,5,,RTV-304
RTV-305,,,-0.6,24,-1.75,80,,,,,,3,5,,RTV-305
RTV-306,,,-0.6,24,-1.75,80,,,,,,3,5,,RTV-306
RTV-308,,,,0,,99,,,,,,3,5,,RTV-308
RTV-310,,,-0.6,24,-1.75,80,,,,,,3,5,,RTV-310
RTV-311,,,-0.6,24,-1.75,80,,,,,,3,5,,RTV-311
RTV-312,,,-0.6,24,-1.75,80,,,,,,3,5,,RTV-312
RTV-313,,,,5,,15,,,,,,3,5,,RTV-313
RTV-315,,,-0.6,24,-1.75,80,,,,,,3,5,,RTV-315
RTV-316,,,-0.6,24,-1.75,80,,,,,,3,5,,RTV-316
RTV-401,,,-0.6,24,-1.5,75,,,,,,3,5,,RTV-401
RTV-402,,,-0.6,24,-1.5,75,,,,,,3,5,,RTV-402
RTV-403,,,-0.6,24,-1.5,75,,,,,,3,5,,RTV-403
RTV-404,,,-0.6,24,-1.5,75,,,,,,3,5,,RTV-404
RTV-405,,,-0.6,24,-1.5,75,,,,,,3,5,,RTV-405
RTV-406,,,-0.6,24,-1.5,75,,,,,,3,5,,RTV-406
RTV-407,,,-0.6,24,-1.5,75,,,,,,3,5,,RTV-407
RTV-408,,,-0.6,24,-1.5,75,,,,,,3,5,,RTV-408
RTV-409,,,-0.6,24,-1.5,75,,,,,,3,5,,RTV-409
RTV-410,,,-0.6,24,-1.5,75,,,,,,3,5,,RTV-410
RTV-411,,,-0.6,24,-1.5,75,,,,,,3,5,,RTV-411
RTV-412,,,-0.6,24,-1.5,75,,,,,,3,5,,RTV-412
RTV-413,,,-0.6,24,-1.5,75,,,,,,3,5,,RTV-413
RTV-414,,,-0.6,24,-1.5,75,,,,,,3,5,,RTV-414
RTV-415,,,-0.6,24,-1.5,75,,,,,,3,5,,RTV-415
RTV-416,,,-0.6,24,-1.5,75,,,,,,3,5,,RTV-416
RTV-504,,,-0.6,24,-1.5,75,,,,,,3,5,,RTV-504
RTV-506,,,-0.6,24,-1.5,75,,,,,,3,5,,RTV-506
RTV-601,,,-0.6,23,-1.5,65,,,,,,3,5,,RTV-601
RTV-604,,,-0.6,23,-1.5,65,,,,,,3,5,,RTV-604
RTV-801,,,,7,,30,,,,,,3,5,,RTV-801
RTV-901,,,,7,,20,,,,,,3,5,,RTV-901
RTV-902,,,,7,,20,,,,,,3,5,,RTV-902
RTV-903,,,,7,,20,,,,,,3,5,,RTV-903
RTZ-101,,,,0,,10,,,,,,3,5,,RTZ-101
RTZ-202,,,-0.6,24,-1.75,80,,,,,,3,5,,RTZ-202
RTZ-206,,,,0,,10,,,,,,3,5,,RTZ-206
RTZ-302,,,,0,,99,,,,,,3,5,,RTZ-302
RTZ-801,,,,7,,30,,,,,,3,5,,RTZ-801
RTZ-802,,,,7,,30,,,,,,3,5,,RTZ-802
RU-251,,,-0.6,24,-1.7,80,,,,,,3,5,,RU-251
RU-301,,,-0.6,24,-1.75,80,72,1.75,5.498,5.348,150,3,5,,RU-301
RU-401,,,-0.6,24,-1.75,80,72,1.75,5.498,5.348,150,3,5,,RU-401
RU-501,,,-0.6,24,-1.5,75,,,,,,3,5,,RU-501
RUA-250,,,-0.6,23,-1.75,86,,,,,,3,5,,RUA-250
RUA-251,,,-0.6,23,-1.75,86,,,,,,3,5,,RUA-251
RUA-320,,,-0.6,23,-1.75,86,72,1.75,5.498,5.348,150,3,5,,RUA-320
RUA-321,,,-0.6,23,-1.75,86,,,,,,3,5,,RUA-321
RUA-400,,,-0.6,24,-1.75,80,72,1.75,5.498,5.348,150,3,5,,RUA-400
RUA-500,,,-0.6,24,-1.75,80,,,,,,3,5,,RUA-500
RW-160,,,-0.6,24,-1.3,80,,,,,,4,7,,RW-160
RW-200,,,-0.6,24,-1.3,80,,,,,,4,7,,RW-200
RW-250,,,-0.6,24,-1.3,80,72,1.75,5.498,5.348,250,4,7,,RW-250
RW-320,,,-0.6,24,-1.3,80,,,,,,4,7,,RW-320
RWA-160,,,-0.6,24,-1.3,80,,,,,,4,7,,RWA-160
RWA-200,,,-0.6,24,-1.3,80,,,,,,4,7,,RWA-200
RWA-250,,,-0.6,24,-1.3,80,72,1.75,5.498,5.348,250,4,7,,RWA-250
RWA-320,,,-0.6,24,-1.3,80,,,,,,4,7,,RWA-320
RWA-320,,,-0.6,24,-1.3,80,,,,,,4,7,,RWA-320
RWAS-250,,,-0.6,24,-1.3,80,,,,,,7,7,,RWAS-250
RWAS-320,,,-0.6,24,-1.3,80,,,,,,7,7,,RWAS-320
RWB-250,,,-0.6,23,-2,85,,,,,,3,5,,RWB-250
RWB-320,,,-0.6,23,-2,85,,,,,,3,5,,RWB-320
RWB-400,,,-0.6,23,-1.75,75,,,,,,3,5,,RWB-400
RWB-500,,,-0.6,24,-1.75,75,,,,,,3,5,,RWB-500
RWE-160,,,-0.6,24,-1.3,80,,,,,,4,7,,RWE-160
RWE-200,,,-0.6,24,-1.3,80,,,,,,4,7,,RWE-200
RWE-250,,,-0.6,24,-1.3,80,72,1.75,5.498,5.348,250,4,7,,RWE-250
RWE-320,,,-0.6,24,-1.3,80,,,,,,4,7,,RWE-320
RWU-320,,,-0.6,23,-1.75,86,72,1.75,5.498,5.348,150,3,5,,RWU-320
RWU-400,,,-0.6,24,-1.75,80,72,1.75,5.498,5.348,150,3,5,,RWU-400
RWU-500,,,-0.6,24,-1.75,80,,,,,,3,5,,RWU-500
RZ-160,,,-0.6,24,-1.3,80,,,,,,7,7,,RZ-160
RZ-161,,,-0.6,24,-1.3,80,,,,,,7,7,,RZ-161
RZ-200,,,-0.6,24,-1.3,80,,,,,,7,7,,RZ-200
RZ-201,,,-0.6,24,-1.3,80,,,,,,7,7,,RZ-201
TBS-130,,,,,,,,,,,,4,7,,TBS-130
TBS-130,,,,5,,15,,,,,,3,5,,TBS-130
TBS-160,,,,5,,15,,,,,,3,5,,TBS-160
TBS-250,,,,5,,15,,,,,,3,5,,TBS-250
THNC-251,,,-0.6,24,-2,85,,,,,,3,5,,THNC-251
THNC-301,,,-0.6,24,-2,85,,,,,,3,5,,THNC-301
TN-101,,,-0.6,24,-1.75,100,,,,,,4,7,,TN-101
TN-130,,,-0.6,24,-1.3,80,,,,,,4,7,,TN-130
TN-131,,,-0.6,24,-1.3,80,,,,,,4,7,,TN-131
TN-160,,,-0.6,24,-1.3,80,,,,,,4,7,,TN-160
TN-160,,,-0.6,24,-1.3,80,,,,,,4,7,,TN-160
TN-161,,,-0.6,24,-1.3,80,,,,,,4,7,,TN-161
TN-161,,,-0.4,29,-1.1,87,,,,,,4,7,,TN-161
TN-200,,,-0.4,29,-1.1,87,,,,,,4,7,,TN-200
TN-201,,,-0.4,33,-1.18,91.1,,,,,,4,7,,TN-201
TN-320,,,-0.6,24,-1.3,80,,,,,,4,7,,TN-320
TN-450,,,,,,,,,,,,4,7,,TN-450
TND-130,,,,,,,,,,,,4,7,,TND-130
TND-160,,,,,,,,,,,,4,7,,TND-160
TRNC-151,,,,,,,,,,,,3,5,,TRNC-151
TRNC-201,,,,,,,,,,,,3,5,,TRNC-201
TRNC-301,,,-0.6,23,-2,85,,,,,,3,5,,TRNC-301
TRNCB-201,,,,,,,,,,,,3,5,,TRNCB-201
TRNCB-301,,,,,,,,,,,,3,5,,TRNCB-301
TT-200,,,,,,,,,,,,3,5,,TT-200
TT-300,,,,,,,,,,,,3,5,,TT-300
TT-500,,,,,,,,,,,,3,5,,TT-500
TTNC-101,,N,-0.6,24,-1.75,125,36,1.75,7.854,7.654,100,7,7,,TTNC-101N
TTNC-102,,,-0.6,24,-1.75,85,,,,,,4,7,,TTNC-102
TTNC-102,,N,-0.6,24,-1.75,85,,,,,,4,7,,TTNC-102N
TTNC-151,,N,-0.6,24,-1.1,87,,,,,,4,7,,TTNC-151N
TTNC-151,,N,-0.6,24,-2,85,,,,,,4,7,,TTNC-151N
TTNC-201,,N,-0.4,29,-1.1,72,,,,,,4,7,,TTNC-201N
TTNC-451,,,,,,,,,,,,4,7,,TTNC-451
TWA-100,,,-0.6,24,-1.75,100,,,,,,4,7,,TWA-100
TWS-130,,,-0.6,24,-1.3,80,,,,,,4,7,,TWS-130
TWA-130,,,-0.6,24,-1.3,80,,,,,,4,7,,TWA-130
TWS-160,,,-0.6,24,-1.3,80,,,,,,4,7,,TWS-160
TWA-160,,,-0.6,24,-1.3,80,,,,,,4,7,,TWA-160
TWA-200,,,-0.4,33,-1.18,91.1,,,,,,4,7,,TWA-200
TWM-100,,,-0.6,24,-1.75,100,,,,,,4,7,,TWM-100
TWM-160,,,-0.6,24,-1.3,80,60,,,,,4,7,,TWM-160
TWM-250,,,-0.6,24,-1.3,80,72,1.75,5.498,5.348,250,4,7,,TWM-250
RTH-427,,,-0.6,24,-1.7,80,,,,,,3,5,,RTH-427
RTT-219,,,,5,,15,,,,,,3,5,,
RTT-221,,,,5,,15,,,,,,3,5,,
RTV-241,,,-0.6,24,-1.3,80,,,,,,4,7,,
RTT-458,,,-0.6,24,-1.5,75,,,,,,3,5,,
RTTR-215,,,-1,36,-1.3,80,,,,,,3,5,,
RTTT-215,,,-1,36,-1.3,80,,,,,,3,5,,
TWB-320,,,-0.6,24,-1.3,80,,,,,,4,7,,
