回転,,,,,,,,,,,,傾斜
型式,クローズ,間隔H,間隔W,1/N_H,1/N_W,分割数1,分割数2,測定順HR,測定順WR,測定順WL,測定順HL,
RTH-538,,80000,2400,1,1,45,10,1,2,3,4,
RBS-160,,100000,10000,1,1,36,10,1,2,3,4,
RBS-250,,100000,10000,1,1,36,10,1,2,3,4,
RBS-320,,100000,10000,1,1,36,10,1,2,3,4,
RWH-320,,300000,3000,3,1,12,10,1,2,3,4,
RWH-250,,300000,3000,3,1,12,10,1,2,3,4,
RWH-200,,300000,3000,3,1,12,10,1,2,3,4,
RWH-160,,300000,3000,3,1,12,10,1,2,3,4,
TWA-200,RE,120000,3600,1,1,30,20,1,2,3,4,
RWA-320,,300000,3000,3,1,12,10,1,2,3,4,
RB-250,Ri,100000,1500,1,1,36,8,1,3,4,2,
RB-250,,100000,3000,1,1,36,10,1,2,3,4,
RB-300,Ri,100000,730,1,1,36,8,1,3,4,2,
RB-300,,100000,3000,1,1,36,10,1,2,3,4,
RB-400,Ri,100000,730,1,1,36,8,1,3,4,2,
RB-400,,100000,3000,1,1,36,10,1,2,3,4,
RB-500,,100000,3000,1,1,36,10,1,2,3,4,
RBA-250,,100000,3000,1,1,36,10,1,2,3,4,
RBA-320,,100000,3000,1,1,36,10,1,2,3,4,
RBA-400,,100000,3000,1,1,36,10,1,2,3,4,
RBA-500,,100000,3000,1,1,36,10,1,2,3,4,
RBS-160,,100000,10000,1,1,36,10,1,2,3,4,
RBS-250,,100000,10000,1,1,36,10,1,2,3,4,
RBS-320,,100000,10000,1,1,36,10,1,2,3,4,
RC-250,,100000,3000,1,1,36,20,1,2,3,4,
RC-300,,80000,2400,1,1,45,20,1,2,3,4,
RC-400,,80000,2400,1,1,45,20,1,2,3,4,
RC-500,,80000,2400,1,1,45,10,1,2,3,4,
RCB-350,,100000,3000,1,1,36,10,1,2,3,4,
RCB-450,,100000,3000,1,1,36,10,1,2,3,4,
RCB-550,,100000,3000,1,1,36,10,1,2,3,4,
RCH-800,,60000,1800,1,1,60,10,1,2,3,4,
RCH-1000,,50000,1500,1,1,72,10,1,2,3,4,
RCH-1250,,50000,1500,1,1,72,10,1,2,3,4,
RCK-250,,100000,3000,1,1,36,10,1,2,3,4,
RCK-300,,80000,2400,1,1,45,10,1,2,3,4,
RCK-400,,80000,2400,1,1,45,10,1,2,3,4,
RCK-500,,80000,2400,1,1,45,10,1,2,3,4,
RCV-800,,60000,1800,1,1,60,10,1,2,3,4,
RCV-1000,,50000,1500,1,1,72,10,1,2,3,4,
RCX-300,,80000,2400,1,1,45,10,1,2,3,4,
RCX-400,,80000,2400,1,1,45,10,1,2,3,4,
RDS-200,,111500,412,1,1,32,10,1,3,4,2,
RG-160,,100000,10000,1,1,36,10,1,2,3,4,
RG-250,,100000,10000,1,1,36,10,1,2,3,4,
RH-400,,100000,3000,1,1,36,10,1,2,3,4,
RH-500,,100000,3000,1,1,36,10,1,2,3,4,
RH-600,,100000,3000,1,1,36,10,1,2,3,4,
RN-100,,100000,10000,1,1,36,10,1,2,3,4,
RN-101,,100000,3000,1,1,36,10,1,2,3,4,
RN-150,,100000,3000,1,1,36,10,1,2,3,4,
RN-200,,100000,3000,1,1,36,10,1,2,3,4,
RN-250,,100000,3000,1,1,36,10,1,2,3,4,
RN-300,,100000,3000,1,1,36,10,1,2,3,4,
RNA-160,,100000,3000,1,1,36,10,1,2,3,4,
RNA-161,,100000,3000,1,1,36,10,1,2,3,4,
RNA-200,,100000,3000,1,1,36,10,1,2,3,4,
RNA-201,,100000,3000,1,1,36,10,1,2,3,4,
RNA-250,,100000,3000,1,1,36,10,1,2,3,4,
RNA-251,,100000,3000,1,1,36,10,1,2,3,4,
RNA-320,,100000,3000,1,1,36,10,1,2,3,4,
RNA-321,,100000,3000,1,1,36,10,1,2,3,4,
RNAS-250,,100000,3000,1,1,36,20,1,2,3,4,
RNAS-320,,100000,3000,1,1,36,20,1,2,3,4,
RNC-1001,Ri,100000,730,1,1,36,8,1,3,4,2,
RNC-1001,,60000,1800,1,1,60,10,1,2,3,4,
RNC-1201,Ri,100000,730,1,1,36,8,1,3,4,2,
RNC-1201,,40000,1200,1,1,90,10,1,2,3,4,
RNC-1501,Ri,100000,730,1,1,36,8,1,3,4,2,
RNC-1501,,40000,1200,1,1,90,10,1,2,3,4,
RNC-2001,Ri,100000,730,1,1,36,8,1,3,4,2,
RNC-2001,,40000,1200,1,1,90,10,1,2,3,4,
RNC-405,,80000,2400,1,1,45,20,1,2,3,4,
RNC-505,,80000,2400,1,1,45,10,1,2,3,4,
RNC-801,Ri,100000,730,1,1,36,8,1,3,4,2,
RNC-801,,60000,1800,1,1,60,10,1,2,3,4,
RNCB-402,,100000,3000,1,1,36,20,1,2,3,4,
RNCB-501,,100000,3000,1,1,36,20,1,2,3,4,
RNCB-631,,80000,2400,1,1,45,10,1,2,3,4,
RNCK-301,Ri,100000,1500,1,1,36,8,1,3,4,2,
RNCK-301,,100000,3000,1,1,36,10,1,2,3,4,
RNCK-401,Ri,100000,730,1,1,36,8,1,3,4,2,
RNCK-401,,100000,3000,1,1,36,10,1,2,3,4,
RNCK-501,Ri,100000,730,1,1,36,8,1,3,4,2,
RNCK-501,,100000,3000,1,1,36,10,1,2,3,4,
RNCK-501Ri,,100000,730,1,1,36,8,1,3,4,2,
RNCK-631,Ri,100000,730,1,1,36,8,1,3,4,2,
RNCK-631,,80000,2400,1,1,45,10,1,2,3,4,
RNCM-251,Ri,100000,1500,1,1,36,8,1,3,4,2,
RNCM-251,,100000,3000,1,1,36,10,1,2,3,4,
RNCM-301,Ri,100000,1500,1,1,36,8,1,3,4,2,
RNCM-301,,100000,3000,1,1,36,10,1,2,3,4,
RNCM-401,Ri,100000,730,1,1,36,8,1,3,4,2,
RNCM-401,,100000,3000,1,1,36,10,1,2,3,4,
RNCM-501,Ri,100000,730,1,1,36,8,1,3,4,2,
RNCM-501,,100000,3000,1,1,36,10,1,2,3,4,
RNCM-631,Ri,100000,730,1,1,36,8,1,3,4,2,
RNCM-631,,80000,2400,1,1,45,10,1,2,3,4,
RNCV-1001,RE,100000,3.6,1,1,36,10,1,3,4,2,
RNCV-1001,Ri,100000,730,1,1,36,8,1,3,4,2,
RNCV-1001,,50000,1500,1,1,72,10,1,2,3,4,
RNCV-1201,RE,100000,3.6,1,1,36,10,1,3,4,2,
RNCV-1201,Ri,100000,730,1,1,36,8,1,3,4,2,
RNCV-1201,,40000,1200,1,1,90,10,1,2,3,4,
RNCV-1501,RE,100000,3.6,1,1,36,10,1,3,4,2,
RNCV-1501,Ri,100000,730,1,1,36,8,1,3,4,2,
RNCV-1501,,40000,1200,1,1,90,10,1,2,3,4,
RNCV-151,,50000,3000,1,1,36,10,1,2,3,4,
RNCV-201,RE,100000,3.6,1,1,36,10,1,3,4,2,
RNCV-201,Ri,100000,730,1,1,36,8,1,3,4,2,
RNCV-201,,100000,3000,1,1,36,10,1,2,3,4,
RNCV-301,RE,100000,3.6,1,1,36,10,1,3,4,2,
RNCV-301,Ri,100000,730,1,1,36,8,1,3,4,2,
RNCV-301,,100000,3000,1,1,36,10,1,2,3,4,
RNCV-401,RE,100000,3.6,1,1,36,10,1,3,4,2,
RNCV-401,Ri,100000,730,1,1,36,8,1,3,4,2,
RNCV-401,,100000,3000,1,1,36,10,1,2,3,4,
RNCV-801,RE,100000,3.6,1,1,36,10,1,3,4,2,
RNCV-801,Ri,100000,730,1,1,36,8,1,3,4,2,
RNCV-801,,60000,1800,1,1,60,10,1,2,3,4,
RNE-160,,300000,3000,3,1,12,10,1,2,3,4,
RNE-200,,300000,3000,3,1,12,10,1,2,3,4,
RNE-250,,300000,3000,3,1,12,10,1,2,3,4,
RNE-320,,300000,3000,3,1,12,10,1,2,3,4,
RT-1,,100000,3000,1,1,36,10,1,2,3,4,
RT-7,,50000,1700,1,1,72,10,1,2,3,4,
RT-104,,60000,1800,1,1,60,10,1,2,3,4,
RT-105,,100000,3000,1,1,36,10,1,2,3,4,
RT-106,,80000,2400,1,1,45,10,1,2,3,4,
RT-110,,100000,3000,1,1,36,10,1,2,3,4,
RT-113,,80000,2400,1,1,45,10,1,2,3,4,
RT-120,,100000,3000,1,1,36,10,1,2,3,4,
RT-122,,60000,3600,1,1,60,10,1,2,3,4,
RT-124,,100000,3000,1,1,36,10,1,2,3,4,
RT-126,,60000,1800,1,1,60,10,1,2,3,4,
RT-129,,100000,10000,1,1,36,10,1,2,3,4,
RT-132,,80000,2400,1,1,45,20,1,2,3,4,
RT-133,,80000,2400,1,1,45,20,1,2,3,4,
RT-135,,100000,3000,1,1,36,10,1,2,3,4,
RT-137,,80000,2400,1,1,45,20,1,2,3,4,
RT-138,,100000,3000,1,1,36,10,1,2,3,4,
RT-146,,100000,3000,1,1,36,10,1,2,3,4,
RT-147,,80000,2400,1,1,45,20,1,2,3,4,
RT-148,,60000,1800,1,1,60,10,1,2,3,4,
RT-149,,100000,3000,1,1,36,10,1,2,3,4,
RT-151,,100000,3000,1,1,36,20,1,2,3,4,
RT-152,,100000,3000,1,1,36,20,1,2,3,4,
RT-154,,60000,1800,1,1,60,10,1,2,3,4,
RT-155,,100000,10000,1,1,36,10,1,2,3,4,
RT-156,,60000,1800,1,1,60,10,1,2,3,4,
RT-157,,100000,10000,1,1,36,10,1,2,3,4,
RT-158,,100000,3000,1,1,36,10,1,2,3,4,
RT-159,,100000,10000,1,1,36,10,1,2,3,4,
RT-160,,80000,2400,1,1,45,20,1,2,3,4,
RT-162,,80000,2400,1,1,45,10,1,2,3,4,
RT-163,,80000,2400,1,1,45,10,1,2,3,4,
RT-164,,100000,200000,1,1,36,18,1,3,4,2,
RT-166,,80000,2400,1,1,45,10,1,2,3,4,
RT-169,,100000,3000,1,1,36,10,1,2,3,4,
RT-170,,80000,2400,1,1,45,10,1,2,3,4,
RT-171,,80000,2400,1,1,45,20,1,2,3,4,
RT-173,,100000,3000,1,1,36,10,1,2,3,4,
RT-174,,120000,3600,1,1,30,10,1,2,3,4,
RT-176,,100000,3000,1,1,36,10,1,2,3,4,
RT-177,,100000,200000,1,1,36,18,1,3,4,2,
RT-178,,100000,200000,1,1,36,18,1,3,4,2,
RT-182,,80000,2400,1,1,45,20,1,2,3,4,
RT-183,,80000,2400,1,1,45,10,1,2,3,4,
RT-184,,100000,3000,1,1,36,10,1,2,3,4,
RT-185,,120000,3600,1,1,30,10,1,2,3,4,
RT-187,,100000,3000,1,1,36,10,1,2,3,4,
RT-188,,100000,3000,1,1,36,10,1,2,3,4,
RT-189,,50000,3000,1,1,72,10,1,3,4,2,
RT-193,,80000,2400,1,1,45,20,1,2,3,4,
RT-195,,100000,3000,1,1,36,10,1,2,3,4,
RT-196,,80000,2400,1,1,45,20,1,2,3,4,
RT-197,,100000,3000,1,1,36,10,1,2,3,4,
RT-198,,100000,10000,1,1,36,10,1,2,3,4,
RT-199,,120000,3600,1,1,30,10,1,2,3,4,
RT-200,,100000,3000,1,1,36,10,1,2,3,4,
RT-201,,100000,3000,1,1,36,10,1,2,3,4,
RT-205,,100000,200000,1,1,36,18,1,3,4,2,
RT-207,,100000,3000,1,1,36,10,1,2,3,4,
RT-208,,60000,1800,1,1,60,10,1,2,3,4,
RT-209,,80000,2400,1,1,45,20,1,2,3,4,
RT-210,,80000,2400,1,1,45,20,1,2,3,4,
RT-211,,100000,3000,1,1,36,10,1,2,3,4,
RT-212,,100000,3000,1,1,36,10,1,2,3,4,
RT-213,,100000,1500,1,1,36,8,1,3,4,2,
RT-214,,100000,3000,1,1,36,10,1,2,3,4,
RT-215,,100000,3000,1,1,36,10,1,2,3,4,
RT-216,,60000,1800,1,1,60,10,1,2,3,4,
RT-217,,100000,3000,1,1,36,10,1,2,3,4,
RT-218,,80000,2400,1,1,45,20,1,2,3,4,
RT-219,,100000,3000,1,1,36,10,1,2,3,4,
RT-220,,100000,3000,1,1,36,10,1,2,3,4,
RT-221,,100000,3000,1,1,36,10,1,2,3,4,
RT-222,,300000,,1,,12,,1,,,2,
RT-223,,80000,2400,1,1,45,20,1,2,3,4,
RT-225,,100000,3000,1,1,36,10,1,2,3,4,
RT-226,,100000,3000,1,1,36,10,1,2,3,4,
RT-227,,80000,2400,1,1,45,20,1,2,3,4,
RT-229,,100000,3000,1,1,36,10,1,2,3,4,
RT-230,,100000,3000,1,1,36,10,1,2,3,4,
RT-231,,900000,,1,,4,,1,,,2,
RT-232,,80000,2400,1,1,45,10,1,2,3,4,
RT-233,,100000,10000,1,1,36,10,1,2,3,4,
RT-236,,80000,2400,1,1,45,20,1,2,3,4,
RT-237,,80000,2400,1,1,45,10,1,2,3,4,
RT-240,,80000,2400,1,1,45,20,1,2,3,4,
RT-241,,100000,3000,1,1,36,10,1,2,3,4,
RT-242,,100000,3000,1,1,36,10,1,2,3,4,
RT-244,,80000,2400,1,1,45,10,1,2,3,4,
RT-245,,100000,10000,1,1,36,10,1,2,3,4,
RT-246,,100000,3000,1,1,36,10,1,2,3,4,
RT-247,,80000,2400,1,1,45,20,1,2,3,4,
RT-248,,100000,3000,1,1,36,10,1,2,3,4,
RT-249,,100000,200000,1,1,36,18,1,3,4,2,
RT-250,,100000,3000,1,1,36,10,1,2,3,4,
RT-251,,80000,4800,1,1,45,10,1,2,3,4,
RT-255,,100000,3000,1,1,36,10,1,2,3,4,
RT-256,,100000,3000,1,1,36,10,1,2,3,4,
RT-259,,80000,2400,1,1,45,20,1,2,3,4,
RT-260,,100000,3000,1,1,36,10,1,2,3,4,
RT-261,,100000,3000,1,1,36,10,1,2,3,4,
RT-262,,80000,2400,1,1,45,20,1,2,3,4,
RT-263,,80000,2400,1,1,45,20,1,2,3,4,
RT-264,,100000,3000,1,1,36,10,1,2,3,4,
RT-265,,80000,2400,1,1,45,20,1,2,3,4,
RT-267,,80000,2400,1,1,45,20,1,2,3,4,
RT-268,,80000,2400,1,1,45,20,1,2,3,4,
RT-269,,100000,3000,1,1,36,10,1,2,3,4,
RT-270,,100000,3000,1,1,36,10,1,2,3,4,
RT-271,,80000,2400,1,1,45,10,1,2,3,4,
RT-275,,100000,3000,1,1,36,10,1,2,3,4,
RT-277,,100000,200000,1,1,36,20,1,3,4,2,
RT-278,,100000,3000,1,1,36,10,1,2,3,4,
RT-280,,60000,1800,1,1,60,10,1,2,3,4,
RT-281,,300000,,1,,12,,1,,,2,
RT-282,,80000,2400,1,1,45,20,1,2,3,4,
RT-283,,80000,2400,1,1,45,20,1,2,3,4,
RT-284,,50000,1500,1,1,72,10,1,2,3,4,
RT-285,,100000,3000,1,1,36,10,1,2,3,4,
RT-286,,100000,2400,1,1,36,20,1,2,3,4,
RT-287,,100000,2400,1,1,36,20,1,2,3,4,
RT-288,,100000,3000,1,1,36,10,1,2,3,4,
RT-289,,100000,3000,1,1,36,10,1,2,3,4,
RT-291,,80000,2400,1,1,45,10,1,2,3,4,
RT-292,,80000,2400,1,1,45,10,1,2,3,4,
RT-47,,100000,730,1,1,36,8,1,3,4,2,
RT-54,,100000,3000,1,1,36,10,1,2,3,4,
RT-57,,60000,3600,1,1,60,10,1,3,4,2,
RT-58,,80000,2400,1,1,45,10,1,2,3,4,
RT-60,,100000,3000,1,1,36,10,1,2,3,4,
RT-61,,120000,3600,1,1,30,10,1,2,3,4,
RT-71,,100000,3000,1,1,36,10,1,2,3,4,
RT-74,,80000,2400,1,1,45,20,1,2,3,4,
RT-76,,60000,3600,1,1,60,10,1,3,4,2,
RT-83,,120000,3600,1,1,30,10,1,2,3,4,
RT-85,,100000,730,1,1,36,8,1,3,4,2,
RT-88,,120000,3600,1,1,30,10,1,2,3,4,
RT-95,,100000,3000,1,1,36,10,1,2,3,4,
RT-99,,100000,3000,1,1,36,10,1,2,3,4,
RTH-101,,100000,1500,1,1,36,8,1,3,4,2,
RTH-102,,120000,3600,1,1,30,10,1,2,3,4,
RTH-103,,120000,3600,1,1,30,10,1,2,3,4,
RTH-104,,111500,412,1,1,32,10,1,2,3,4,
RTH-201,,100000,3000,1,1,36,10,1,2,3,4,
RTH-202,,100000,3.6,1,1,36,10,1,2,3,4,
RTH-203,,100000,3000,1,1,36,10,1,2,3,4,
RTH-204,,100000,3.6,1,1,36,10,1,2,3,4,
RTH-205,,100000,1500,1,1,36,8,1,3,4,2,
RTH-401,,80000,2400,1,1,45,20,1,2,3,4,
RTH-404,,80000,2400,1,1,45,10,1,2,3,4,
RTH-405,,80000,2400,1,1,45,10,1,2,3,4,
RTH-406,,100000,3000,1,1,36,10,1,2,3,4,
RTH-407,,80000,2400,1,1,45,20,1,2,3,4,
RTH-408,,80000,2400,1,1,45,10,1,2,3,4,
RTH-409,,111500,412,1,1,32,10,1,2,3,4,
RTH-410,,80000,2400,1,1,45,20,1,2,3,4,
RTH-412,,80000,2400,1,1,45,20,1,2,3,4,
RTH-413,,100000,3000,1,1,36,10,1,2,3,4,
RTH-414,,80000,2400,1,1,45,20,1,2,3,4,
RTH-415,,80000,2400,1,1,45,20,1,2,3,4,
RTH-416,,111500,412,1,1,32,10,1,2,3,4,
RTH-417,,80000,2400,1,1,45,20,1,2,3,4,
RTH-419,,100000,3000,1,1,36,10,1,2,3,4,
RTH-420,,80000,2400,1,1,45,10,1,2,3,4,
RTH-421,,111500,412,1,1,32,10,1,3,4,2,
RTH-422,,100000,3000,1,1,36,10,1,2,3,4,
RTH-423,,73000,4500,1,1,48,10,1,2,3,4,
RTH-424,,80000,2400,1,1,45,20,1,2,3,4,
RTH-425,,100000,3000,1,1,36,10,1,2,3,4,
RTH-426,,80000,2400,1,1,45,10,1,2,3,4,
RTH-501,,80000,2400,1,1,45,10,1,2,3,4,
RTH-502,,300000,,1,1,12,,1,,,2,
RTH-503,,80000,2400,1,1,45,10,1,2,3,4,
RTH-504,,80000,2400,1,1,45,10,1,2,3,4,
RTH-506,,80000,2400,1,1,45,10,1,2,3,4,
RTH-507,,80000,2400,1,1,45,10,1,2,3,4,
RTH-508,,100000,3000,1,1,36,10,1,2,3,4,
RTH-510,,73000,2230,1,1,48,10,1,2,3,4,
RTH-511,,300000,200000,1,1,36,20,1,2,3,4,
RTH-512,,100000,7.2,1,1,36,10,1,3,4,2,
RTH-513,,80000,2400,1,1,45,10,1,2,3,4,
RTH-514,,80000,2400,1,1,45,10,1,2,3,4,
RTH-515,,120000,3600,1,1,30,10,1,3,4,2,
RTH-516,,80000,2400,1,1,45,10,1,2,3,4,
RTH-517,,300000,200000,1,1,36,20,1,2,3,4,
RTH-518,,80000,2400,1,1,45,10,1,2,3,4,
RTH-520,,100000,10000,1,1,36,10,1,2,3,4,
RTH-521,,100000,3000,1,1,36,10,1,3,4,2,
RTH-522,,300000,200000,1,1,36,20,1,2,3,4,
RTH-523,,80000,2400,1,1,45,10,1,2,3,4,
RTH-524,,80000,2400,1,1,45,10,1,2,3,4,
RTH-525,,80000,2400,1,1,45,10,1,2,3,4,
RTH-526,,80000,2400,1,1,45,10,1,2,3,4,
RTH-527,,100000,3000,1,1,36,10,1,2,3,4,
RTH-528,,80000,2400,1,1,45,10,1,2,3,4,
RTH-529,,300000,200000,1,1,36,20,1,2,3,4,
RTH-530,,300000,,1,,12,,1,,,2,
RTH-531,,111500,412,1,1,32,10,1,2,3,4,
RTH-533,,100000,3000,1,1,36,10,1,2,3,4,
RTH-534,,100000,3000,1,1,36,10,1,2,3,4,
RTH-601,,100000,3000,1,1,36,10,1,2,3,4,
RTH-602,,100000,3000,1,1,36,10,1,2,3,4,
RTH-603,,100000,3000,1,1,36,10,1,2,3,4,
RTH-604,,300000,200000,1,1,36,20,1,3,4,2,
RTH-605,,300000,200000,1,1,36,20,1,2,3,4,
RTH-606,,100000,3000,1,1,36,10,1,2,3,4,
RTH-607,,80000,2400,1,1,45,10,1,2,3,4,
RTH-608,,100000,3000,1,1,36,10,1,2,3,4,
RTH-609,,100000,3000,1,1,36,10,1,2,3,4,
RTH-610,,100000,3000,1,1,36,10,1,2,3,4,
RTH-611,,100000,3000,1,1,36,10,1,2,3,4,
RTH-612,,100000,3000,1,1,36,10,1,2,3,4,
RTH-613,,100000,3000,1,1,36,10,1,2,3,4,
RTH-614,,300000,200000,1,1,36,20,1,3,4,2,
RTH-615,,100000,3000,1,1,36,10,1,2,3,4,
RTH-616,,300000,200000,1,1,36,20,1,3,4,2,
RTH-617,,100000,3000,1,1,36,10,1,2,3,4,
RTH-618,,60000,3600,1,1,60,10,1,2,3,4,
RTH-619,,100000,3000,1,1,36,10,1,2,3,4,
RTH-620,,100000,3000,1,1,36,10,1,2,3,4,
RTH-622,,100000,3000,1,1,36,10,1,2,3,4,
RTH-801,,60000,1800,1,1,60,10,1,2,3,4,
RTH-802,,60000,1800,1,1,60,10,1,2,3,4,
RTH-803,,50000,1500,1,1,72,10,1,2,3,4,
RTH-804,,71200,2248,1,1,50,10,1,2,3,4,
RTH-805,,300000,,1,,12,,1,,,2,
RTH-806,,71200,2248,1,1,50,10,1,2,3,4,
RTH-807,,60000,3600,1,1,60,10,1,2,3,4,
RTH-808,,50000,1500,1,1,72,10,1,2,3,4,
RTH-809,,60000,3600,1,1,60,10,1,2,3,4,
RTH-901,,300000,,1,,12,,1,,,2,
RTH-902,,50000,1500,1,1,72,10,1,2,3,4,
RTH-903,,40000,1200,1,1,90,10,1,2,3,4,
RTH-904,,40000,1200,1,1,90,10,1,2,3,4,
RTH-905,,40000,1200,1,1,90,10,1,2,3,4,
RTH-907,,40000,1200,1,1,90,10,1,2,3,4,
RTH-908,,40000,1200,1,1,90,10,1,2,3,4,
RTH-909,,300000,,1,,12,,1,,,2,
RTT-101,,100000,1500,1,1,36,8,1,3,4,2,
RTT-102,,100000,3000,1,1,36,10,1,2,3,4,
RTT-103,,120000,3600,1,1,30,10,1,2,3,4,
RTT-104,,120000,3600,1,1,30,10,1,2,3,4,
RTT-105,,111500,412,1,1,32,10,1,3,4,2,
RTT-106,,100000,3000,1,1,36,10,1,2,3,4,
RTT-107,,111500,412,1,1,32,10,1,3,4,2,
RTT-108,,100000,1500,1,1,36,8,1,3,4,2,
RTT-111,,120000,3600,1,1,30,10,1,2,3,4,
RTT-112,,111500,412,1,1,32,10,1,3,4,2,
RTT-113,,111500,412,1,1,32,10,1,3,4,2,
RTT-115,,111500,412,1,1,32,10,1,3,4,2,
RTT-116,,100000,1500,1,1,36,8,1,3,4,2,
RTT-117,,120000,3600,1,1,30,10,1,2,3,4,
RTT-119,,111500,412,1,1,32,10,1,3,4,2,
RTT-120,,120000,3600,1,1,30,10,1,2,3,4,
RTT-121,,100000,10000,1,1,36,10,1,2,3,4,
RTT-201,,111500,412,1,1,32,10,1,3,4,2,
RTT-202,,111500,412,1,1,32,10,1,3,4,2,
RTT-203,,100000,3000,1,1,36,10,1,2,3,4,
RTT-206,,120000,3600,1,1,30,20,1,2,3,4,
RTT-208,,100000,1500,1,1,36,8,1,3,4,2,
RTT-209,,111500,412,1,1,32,10,1,3,4,2,
RTT-210,,100000,3000,1,1,36,10,1,2,3,4,
RTT-211,,100000,1500,1,1,36,8,1,3,4,2,
RTT-212,,100000,1500,1,1,36,8,1,3,4,2,
RTT-213,,60000,3600,1,1,60,10,1,2,3,4,
RTT-301,,100000,3000,1,1,36,10,1,2,3,4,
RTT-302,,100000,3000,1,1,36,10,1,2,3,4,
RTT-303,,100000,3000,1,1,36,10,1,2,3,4,
RTT-304,,80000,2400,1,1,45,10,1,2,3,4,
RTT-305,,111500,412,1,1,32,10,1,3,4,2,
RTT-306,,80000,2400,1,1,45,10,1,3,4,2,
RTT-307,,100000,3000,1,1,36,10,1,2,3,4,
RTT-308,,100000,3000,1,1,36,10,1,2,3,4,
RTT-309,,100000,3000,1,1,36,20,1,2,3,4,
RTT-311,,111500,412,1,1,32,10,1,3,4,2,
RTT-312,,111500,412,1,1,32,10,1,3,4,2,
RTT-401,,80000,2400,1,1,45,20,1,2,3,4,
RTT-402,,80000,2400,1,1,45,20,1,2,3,4,
RTT-403,,80000,2400,1,1,45,20,1,2,3,4,
RTT-404,,80000,2400,1,1,45,20,1,2,3,4,
RTT-405,,80000,2400,1,1,45,10,1,2,3,4,
RTT-408,,80000,2400,1,1,45,20,1,2,3,4,
RTT-409,,100000,3000,1,1,36,10,1,2,3,4,
RTT-410,,80000,2400,1,1,45,20,1,2,3,4,
RTT-411,,80000,2400,1,1,45,10,1,2,3,4,
RTT-412,,64000,2000,1,1,54,10,1,2,3,4,
RTT-413,,80000,2400,1,1,45,20,1,2,3,4,
RTT-414,,80000,2400,1,1,45,10,1,2,3,4,
RTT-415,,80000,2400,1,1,45,10,1,2,3,4,
RTT-416,,64000,2000,1,1,54,10,1,2,3,4,
RTT-417,,80000,2400,1,1,45,20,1,2,3,4,
RTT-418,,80000,2400,1,1,45,20,1,2,3,4,
RTT-419,,80000,2400,1,1,45,20,1,2,3,4,
RTT-420,,80000,2400,1,1,45,20,1,2,3,4,
RTT-421,,80000,2400,1,1,45,20,1,2,3,4,
RTT-422,,100000,3000,1,1,36,10,1,2,3,4,
RTT-423,,80000,2400,1,1,45,20,1,2,3,4,
RTT-424,,80000,2400,1,1,45,20,1,2,3,4,
RTT-425,,80000,2400,1,1,45,20,1,2,3,4,
RTT-426,,80000,2400,1,1,45,20,1,2,3,4,
RTT-427,,80000,2400,1,1,45,20,1,2,3,4,
RTT-428,,80000,2400,1,1,45,10,1,2,3,4,
RTT-429,,80000,2400,1,1,45,20,1,2,3,4,
RTT-430,,80000,2400,1,1,45,20,1,2,3,4,
RTT-431,,80000,2400,1,1,45,20,1,2,3,4,
RTT-432,,64000,2000,1,1,54,10,1,2,3,4,
RTT-433,,80000,2400,1,1,45,20,1,2,3,4,
RTT-435,,80000,2400,1,1,45,20,1,2,3,4,
RTT-436,,80000,2400,1,1,45,10,1,2,3,4,
RTT-437,,80000,2400,1,1,45,20,1,2,3,4,
RTT-438,,80000,2400,1,1,45,20,1,2,3,4,
RTT-439,,80000,2400,1,1,45,20,1,2,3,4,
RTT-440,,80000,2400,1,1,45,20,1,2,3,4,
RTT-441,,80000,2400,1,1,45,20,1,2,3,4,
RTT-442,,100000,3000,1,1,36,10,1,2,3,4,
RTT-443,,80000,2400,1,1,45,10,1,2,3,4,
RTT-444,,80000,2400,1,1,45,20,1,2,3,4,
RTT-446,,80000,2400,1,1,45,20,1,2,3,4,
RTT-447,,80000,2400,1,1,45,20,1,2,3,4,
RTT-448,,80000,2400,1,1,45,20,1,2,3,4,
RTT-449,,80000,2400,1,1,45,20,1,2,3,4,
RTT-450,,80000,2400,1,1,45,20,1,2,3,4,
RTT-451,,80000,2400,1,1,45,20,1,2,3,4,
RTT-452,,80000,2400,1,1,45,20,1,2,3,4,
RTT-453,,80000,2400,1,1,45,20,1,2,3,4,
RTT-454,,80000,2400,1,1,45,20,1,2,3,4,
RTT-455,,80000,2400,1,1,45,20,1,2,3,4,
RTT-456,,111500,412,1,1,32,10,1,3,4,2,
RTT-457,,80000,2400,1,1,45,20,1,2,3,4,
RTT-501,,100000,3000,1,1,36,10,1,2,3,4,
RTT-502,,100000,3000,1,1,36,10,1,2,3,4,
RTT-504,,100000,3000,1,1,36,10,1,2,3,4,
RTT-505,,100000,14.4,1,1,36,10,1,2,3,4,
RTT-506,,80000,2400,1,1,45,10,1,2,3,4,
RTT-507,,100000,3000,1,1,36,10,1,2,3,4,
RTT-509,,111500,412,1,1,32,10,1,3,4,2,
RTT-510,,80000,2400,1,1,45,10,1,2,3,4,
RTT-511,,100000,3000,1,1,36,10,1,2,3,4,
RTT-601,,100000,3000,1,1,36,10,1,2,3,4,
RTT-602,,80000,2400,1,1,45,10,1,2,3,4,
RTT-603,,111500,412,1,1,32,10,1,2,3,4,
RTT-802,,80000,2400,1,1,45,10,1,2,3,4,
RTV-101,,100000,10000,1,1,36,10,1,2,3,4,
RTV-106,,111500,412,1,1,32,10,1,3,4,2,
RTV-107,,100000,10000,1,1,36,10,1,2,3,4,
RTV-108,,90000,5400,1,1,40,10,1,2,3,4,
RTV-109,,80000,4800,1,1,45,10,1,2,3,4,
RTV-111,,150000,4500,1,1,24,10,1,2,3,4,
RTV-112,,100000,14.4,1,1,36,10,1,3,4,2,
RTV-113,,100000,3000,1,1,36,10,1,2,3,4,
RTV-115,,90000,5400,1,1,40,10,1,2,3,4,
RTV-116,,120000,11200,1,1,30,10,1,2,3,4,
RTV-117,,100000,10000,1,1,36,10,1,2,3,4,
RTV-118,,100000,3000,1,1,36,10,1,2,3,4,
RTV-119,,100000,3000,1,1,36,10,1,2,3,4,
RTV-120,,100000,3.6,1,1,36,10,1,3,4,2,
RTV-121,,100000,3000,1,1,36,10,1,2,3,4,
RTV-150,,100000,3000,1,1,36,10,1,2,3,4,
RTV-201,,60000,3600,1,1,60,10,1,2,3,4,
RTV-202,,100000,412,1,1,36,10,1,3,4,2,
RTV-203,,60000,3600,1,1,60,10,1,2,3,4,
RTV-204,,111500,412,1,1,32,10,1,3,4,2,
RTV-205,,100000,3000,1,1,36,10,1,2,3,4,
RTV-206,,100000,3000,1,1,36,10,1,2,3,4,
RTV-207,,100000,3000,1,1,36,10,1,2,3,4,
RTV-208,,100000,3000,1,1,36,10,1,2,3,4,
RTV-209,,150000,13000,1,1,24,10,1,2,3,4,
RTV-210,,100000,3000,1,1,36,10,1,2,3,4,
RTV-212,,300000,200000,1,1,36,20,1,3,4,2,
RTV-214,,100000,3000,1,1,36,10,1,2,3,4,
RTV-215,,100000,3000,1,1,36,10,1,2,3,4,
RTV-216,,300000,3000,1,1,36,10,1,2,3,4,
RTV-218,,60000,1800,1,1,60,10,1,2,3,4,
RTV-219,,60000,1800,1,1,60,10,1,2,3,4,
RTV-221,,100000,3000,1,1,36,10,1,2,3,4,
RTV-222,,100000,3000,1,1,36,10,1,2,3,4,
RTV-223,,100000,3000,1,1,36,10,1,2,3,4,
RTV-224,,100000,1500,1,1,36,10,1,3,4,2,
RTV-225,,100000,10000,1,1,36,10,1,2,3,4,
RTV-226,,100000,10000,1,1,36,10,1,2,3,4,
RTV-228,,100000,10000,1,1,36,10,1,2,3,4,
RTV-229,,100000,3000,1,1,36,10,1,2,3,4,
RTV-230,,100000,3000,1,1,36,10,1,2,3,4,
RTV-231,,100000,3000,1,1,36,10,1,2,3,4,
RTV-301,,100000,3000,1,1,36,10,1,2,3,4,
RTV-303,,100000,3000,1,1,36,10,1,2,3,4,
RTV-304,,100000,3000,1,1,36,10,1,2,3,4,
RTV-305,,100000,3000,1,1,36,10,1,2,3,4,
RTV-306,,100000,3000,1,1,36,10,1,2,3,4,
RTV-308,,300000,200000,1,1,36,20,1,3,4,2,
RTV-310,,100000,3000,1,1,36,10,1,2,3,4,
RTV-311,,100000,3000,1,1,36,10,1,2,3,4,
RTV-312,,100000,3000,1,1,36,10,1,2,3,4,
RTV-313,,100000,10000,1,1,36,10,1,2,3,4,
RTV-315,,100000,3000,1,1,36,10,1,2,3,4,
RTV-316,,100000,3000,1,1,36,10,1,2,3,4,
RTV-401,,100000,3000,1,1,36,10,1,2,3,4,
RTV-402,,100000,3000,1,1,36,20,1,2,3,4,
RTV-403,,100000,3000,1,1,36,10,1,2,3,4,
RTV-404,,100000,3000,1,1,36,10,1,2,3,4,
RTV-405,,100000,3000,1,1,36,10,1,2,3,4,
RTV-406,,100000,3000,1,1,36,10,1,2,3,4,
RTV-407,,100000,3000,1,1,36,10,1,2,3,4,
RTV-408,,100000,3000,1,1,36,10,1,2,3,4,
RTV-409,,100000,3000,1,1,36,10,1,2,3,4,
RTV-410,,100000,3000,1,1,36,10,1,2,3,4,
RTV-411,,100000,3000,1,1,36,10,1,2,3,4,
RTV-412,,80000,2400,1,1,45,10,1,2,3,4,
RTV-413,,80000,2400,1,1,45,10,1,2,3,4,
RTV-414,,100000,3000,1,1,36,10,1,2,3,4,
RTV-416,,100000,3000,1,1,36,10,1,2,3,4,
RTV-504,,83417.2,2543,1,1,42,10,1,2,3,4,
RTV-506,,100000,3000,1,1,36,10,1,2,3,4,
RTV-601,,60000,1800,1,1,60,10,1,2,3,4,
RTV-604,,73000,4500,1,1,48,10,1,2,3,4,
RTV-801,,60000,1800,1,1,60,10,1,2,3,4,
RTV-901,,50000,1500,1,1,90,10,1,2,3,4,
RTV-902,,50000,1500,1,1,90,10,1,2,3,4,
RTV-903,,100000,480000,1,1,36,48,1,3,4,2,
RTZ-101,,111500,412,1,1,32,10,1,3,4,2,
RTZ-202,,100000,3000,1,1,36,10,1,2,3,4,
RTZ-206,,100000,1500,1,1,36,8,1,3,4,2,
RTZ-302,,300000,200000,1,1,36,20,1,3,4,2,
RTZ-801,,60000,1800,1,1,60,10,1,2,3,4,
RTZ-802,,60000,1800,1,1,60,10,1,2,3,4,
RU-251,,100000,3000,1,1,36,10,1,2,3,4,
RU-301,,100000,3000,1,1,36,10,1,2,3,4,
RU-401,,100000,3000,1,1,36,10,1,2,3,4,
RU-501,,80000,2400,1,1,45,10,1,2,3,4,
RUA-250,,100000,3000,1,1,36,10,1,2,3,4,
RUA-251,,100000,3000,1,1,36,10,1,2,3,4,
RUA-320,,100000,3000,1,1,36,10,1,2,3,4,
RUA-321,,100000,3000,1,1,36,10,1,2,3,4,
RUA-400,,100000,3000,1,1,36,10,1,2,3,4,
RUA-500,,80000,2400,1,1,45,10,1,2,3,4,
RWA-160,,300000,3000,3,1,12,10,1,2,3,4,
RWA-200,,300000,3000,3,1,12,10,1,2,3,4,
RWA-250,,300000,3000,3,1,12,10,1,2,3,4,
RWA-320,,300000,3000,3,1,12,10,1,2,3,4,
RWE-160,,300000,3000,3,1,12,10,1,2,3,4,
RWE-200,,300000,3000,3,1,12,10,1,2,3,4,
RZ-160,,120000,3600,1,1,30,10,1,2,3,4,
RZ-161,,120000,3600,1,1,30,10,1,2,3,4,
RZ-200,,100000,3000,1,1,36,10,1,2,3,4,
RZ-201,,100000,3000,1,1,36,10,1,2,3,4,
TBS-130,,150000,13000,1,1,24,10,1,2,3,4,
TBS-160,,100000,3000,1,1,36,10,1,2,3,4,
TBS-250,,10000,3000,1,1,36,10,1,2,3,4,
THNC-251,,100000,3000,1,1,36,10,1,2,3,4,
THNC-301,,100000,3000,1,1,36,10,1,2,3,4,
TN-100,,120000,3600,1,1,30,10,1,2,3,4,
TN-101,,120000,3600,1,1,30,10,1,2,3,4,
TN-130,,120000,3600,1,1,30,10,1,2,3,4,
TN-131,,120000,3600,1,1,30,10,1,2,3,4,
TN-160,,120000,3600,1,1,30,10,1,2,3,4,
TN-161,,120000,3600,1,1,30,10,1,2,3,4,
TN-200,,120000,3600,1,1,30,20,1,2,3,4,
TN-201,,120000,3600,1,1,30,20,1,2,3,4,
TN-320,,100000,3000,1,1,36,10,1,2,3,4,
TN-450,,,,1,1,,,1,2,3,4,
TND-130,,,,1,1,,,1,2,3,4,
TND-160,,,,1,1,,,1,2,3,4,
TRNC-151,,100000,3000,1,1,36,10,1,2,3,4,
TRNC-201,,100000,3000,1,1,36,10,1,2,3,4,
TRNC-301,,100000,3000,1,1,36,10,1,2,3,4,
TRNCB-201,,,,1,1,,,1,2,3,4,
TRNCB-301,,,,1,1,,,1,2,3,4,
TT-200,,90000,1200,3,1,40,10,1,2,0,0,
TT-300,,90000,1800,3,1,40,10,1,2,0,0,
TT-500,,40000,1200,1,1,90,10,1,2,0,0,
TTNC-102,,120000,3600,1,1,30,10,1,2,3,4,
TTNC-151,,100000,3000,1,1,36,10,1,2,3,4,
TTNC-201,,100000,3000,1,1,36,20,1,2,3,4,
TTNC-451,,50000,3000,1,1,72,10,1,2,3,4,
TTNC-102-2,,120000,3600,1,1,30,10,1,2,3,4,
TTNC-151-2,,100000,3000,1,1,36,10,1,2,3,4,
TWS-130,,120000,3600,1,1,30,10,1,2,3,4,
TWA-130,,120000,3600,1,1,30,10,1,2,3,4,
TWS-160,,120000,3600,1,1,30,10,1,2,3,4,
TWA-160,,120000,3600,1,1,30,10,1,2,3,4,
TWA-200,,120000,3600,1,1,30,20,1,2,3,4,
CT-405,,80000,2400,1,1,45,10,1,2,3,4,
RTH-302,,100000,3000,1,1,36,10,1,2,3,4,
RTH-427,,80000,2400,1,1,45,20,1,2,3,4,
RTH-624,,100000,3000,1,1,36,10,1,2,3,4,
RTT-124,,120000,3600,1,1,30,10,1,2,3,4,
RTT-128,,120000,3600,1,1,30,10,1,2,3,4,
RTT-215,,60000,3600,1,1,60,10,1,2,3,4,
RTT-315,,100000,10000,1,1,36,10,1,2,3,4,
RTT-318,,100000,10000,1,1,36,10,1,2,3,4,
RTT-459,,100000,3000,1,1,36,10,1,2,3,4,
RTV-122,,100000,3000,1,1,36,10,1,2,3,4,
RTV-232,,100000,3000,1,1,36,10,1,2,3,4,
RTV-233,,300000,3000,3,1,12,10,1,2,3,4,
RW-160,,300000,3000,3,1,12,10,1,2,3,4,
RW-200,,300000,3000,3,1,12,10,1,2,3,4,
RW-250,,300000,3000,3,1,12,10,1,2,3,4,
RW-320,,300000,3000,3,1,12,10,1,2,3,4,
RWAS-250,,100000,3000,1,1,36,20,1,2,3,4,
RWAS-320,,100000,3000,1,1,36,20,1,2,3,4,
RWB-250,,100000,3000,1,1,36,10,1,2,3,4,
RWB-320,,100000,3000,1,1,36,10,1,2,3,4,
RWB-400,,100000,3000,1,1,36,10,1,2,3,4,
RWB-500,,80000,2400,1,1,45,10,1,2,3,4,
RWU-320,,100000,3000,1,1,36,10,1,2,3,4,
RWU-400,,100000,3000,1,1,36,10,1,2,3,4,
RWU-500,,80000,2400,1,1,45,10,1,2,3,4,
TBS-200,,100000,10000,1,1,36,10,1,2,3,4,
TTNC-101,,100000,10000,1,1,36,10,1,2,3,4,
TWA-100,,120000,3600,1,1,30,10,1,2,3,4,
TWM-100,,120000,3600,1,1,30,10,1,2,3,4,
TWM-160,,120000,3600,1,1,30,10,1,2,3,4,
TWM-250,,100000,3000,1,1,36,10,1,2,3,4,
RBH-160,,100000,10000,1,1,36,10,1,2,3,4,
RBH-250,,100000,10000,1,1,36,10,1,2,3,4,
RBH-320,,100000,10000,1,1,36,10,1,2,3,4,
RTV-238,,300000,3000,3,1,12,10,1,2,3,4,
RTT-219,,100000,10000,1,1,36,10,1,2,3,4,
RTT-221,,100000,10000,1,1,36,10,1,2,3,4,
RTV-241,,300000,3000,3,1,12,10,1,2,3,4,
RTT-458,,80000,2400,1,1,45,20,1,2,3,4,
RTTR-215,,60000,3600,1,1,60,10,1,2,3,4,
RTTT-215,,50000,3000,1,1,72,10,1,2,3,4,
TWB-320,,50000,3000,1,1,72,10,1,2,3,4,
